ID,Saxon,German,Webpage,Date,Source,Origin,Year,Tags,length
0,"Es lieschd zwischn Gnaudnaundorf, Großschgorlobb un Giddsn. Giddsn war bis 2011 ooch ne eignschdändsche Gemeinde, wo Gleenschgorlobb mid dazu geherde. Es Dorf had mid Schdand 2011 164 Einwohnor. De Gleenschkorlobbor Feierwehr in dor Ordsmidde.",,https://web.archive.org/web/20230322074523/https://incubator.wikimedia.org/wiki/Wp/sxu/Gleenschgorlobb,2026-05-23,,,2022,Wikipedia,243
1,"Willkomm' bei dor obersäggsschn Wiggibädscha, dem frein Leggsigon, wo jedor mitmachng gann. Unser Brojeggd is schon ä bissl äldor, aggduell ham'mer abor erscht 19 Seidn. Also, wenn du Säggsisch schbrischsd, bidde schreiwe odor beorbeide Ardiggl. Ooch wenn de irschendwie andorweidisch beidraachen dusd, z.B. midde Bilder oder Interwiki, bisde jedorzeid herzlisch willkomm'. Weesde schonn dass es in Leibzsch de meisdn Bassaaschn in Euroba gibd? Insgesamd gib's in Leibzsch 28 Bassaaschn und somid is es es greesde Bassaaschnsysdem Eurobas. Das Wiki-Briederlischgeidsbroscheggd für Goordinadsion, gegenseidssches Indresse und Freundschafd dor dleen' un' größren Reschjonalsprochn un' -dialeggde in Euroba.",,https://web.archive.org/web/20240808042125/https://incubator.wikimedia.org/wiki/Wp/sxu/Main_Page,2026-05-23,,,2024,Wikipedia,704
2,"Dor Leibzscher Ordsdeil Knautnaundorf (uff oborsäggssch Gnaudnaundorf von d'n Einheimischn ooch manschemal Gadorf genannd) is dor siedlischsde Ordsdeil von Leibzsch. Gnaudnaundorf lieschd unmiddlbar an dor Audobaahn 38, so dass'es sehr vorgehrsgünsdisch geleeschn is. ""Vorgehrsgünsdsch"" heeßt dann ouch, daß dord immer Grach is, von de ElGaWeh´s und de Audos. In der Ciddy von Gnaudnaundorf sind durch de A 38 und de B 186 im Durchschnidd immer 55 bis 60 Dezibel(A). Wenn de dorch'n Ord gehsd, hasde also immer Audo- und Lasdersound in Underhaldungslaudschdärge, 24 Schdunden am Daach. Ouch de Fliescher vom Fluchhafen Schgeudids hörsde deudlich. Dorsch n Ord fließd dor Greebsgraam', welscher abor nisch immer Wassor führd. Dor Greebsgraam' gehd dann zur Weißn Elsdor, die Gnautnaundorf schneided. Dor Rundkapellenweg im aldn Ordsgern. Historsches. Seid 1999 is Gadorf ä Schdadddeil von Leibzsch. Gnaudnaundorf off 'nor Gorrde von 1906. Vorgehr. Gnaudnaundorf is sowohl midn Öffendlischn als ooch midn Audo gudd von Leibzsch aus zu orreischn. An d'n Ord vorbei führd de Bundesschdraaße 186, welsche mit dor Audobaahn 38, die nördlisch an Gnaudnandorf vorbei gehd, de Uffaahrd Leipzig-Südwest bilded. Seiddem dor Bahn-Haldebungd Leipzig-Knautnaundorf 2011 uffgegeh'm wurde, is dor Ord blooß no middn Bus orreischbar. De Linie 120, dor Regionalbus Leipzig GmbH, fährt Wochndaachs schdündlisch un am Wochnende zweeschdündlisch zwischn Gnaudhain un Zwenke. 's gibd in Gnaudnaundorf drei Haldeschdelln. Se laudn in schdadauswärdscher Rischdung: Gefrierzentrum, Knautnaundorf, Rundkapellenweg un Knautnaundorf, Werkstraße. Sonsdiges. In Gnaudnaundorf schdehd s' älldsde orhaldne görschlische Gebäude Saggsns, un dswar de Andreasgabelle. Außordem befinded sisch hier ooch'es höschsde Bauwerg Leibzsch', de sogenannde Esse, 's is de Esse vom Stahl- und Hartgusswerk Bösdorf, welsches in Gnaudnaundorf ansässch is. Anmärschung'.",,https://web.archive.org/web/20230531174415/https://incubator.wikimedia.org/wiki/Wp/sxu/Gnaudnaundorf,2026-05-23,,,2022,Wikipedia,1920
3,"Leibzsch (off Hochdeitsch ooch Leipzig) is mid 593.145 Leiden de greesde Schdadd in Saggsn. Leibzsch liechd in dorr Leibzsch'r Dieflandsbuchd. Bolledigg. Dor Leibzscher Owerbörschormeesder is dor Burghard Jung. Bligg off'm Deil dorr Alschdadd (Marchd, Grimma'sche Schdraße). Wirdschaffd. Vorgehr. Leibzsch liecht im Middeldeitschn Audobaahndreiegg, also zwischn dorr Audobaahn 9, dorr Audobaahn 14 un dorr Audobaahn 38. In dorr Schdadd is dorr Leibzscher Haubdbaahnhof, wo mor mid'm Zieche nach Bährlin, Minschn, Frangfurd und in alle Weld gommd. Undor dorr Inneschdadd is dorr Siddidunnl, wo de Esbaahn durchfährd. Leibzsch ha a großes Schdrahsenbaahnnedds. Ooch Radfahrn gann mor in Leibzsch. Rundfungg. In Leibzsch siddsd dor Middeldeitsche Rundfungg, die machn Färnsähn un Rascho. Sähnswärrdchgeedn. In Leibzsch gibts ä bahr Orde zum guggn. Blechbiggse. De Blechbiggse (oder Bämmbiggse) is ä Gaufhaus in dorr Leipzscher Inneschdadd. Friehor hieß se ma Gaufhaus Horten/Gaufhof. Im Jahr 1968 hat mor een ""konsument""-Warenhaus draus gemachd und ne Aluminium-Vorgleedung dadorrfor gehangn. Dadorraus is dor Name gewordn. Lene-Voigt-Bahrg. Das wor firhor ma een Bahnhof in Reidnids wo mor de Gleese weggemocht had und Beeme geflansd. Dorr Bahrg is nach Lene Voigt benannd, die ne wischtsche säggsche Mundarddichdorrin war. Leipzscher Lerchn. Ä Gebägg mid Mardsibahn, das gann mor nich bloß anguggn sondern das is auch ziemlisch leggor.",,https://web.archive.org/web/20230531013355/https://incubator.wikimedia.org/wiki/Wp/sxu/Leibzsch,2026-05-23,,,2022,Wikipedia,1434
4,De Leibzsch'r Dieflandsbuchd is eene Region im Nordosden von Saggsn.,,https://web.archive.org/web/20230327042739/https://incubator.wikimedia.org/wiki/Wp/sxu/Leibzsch%27r_Dieflandsbuchd,2026-05-23,,,2022,Wikipedia,68
5,"Saggsn, offizschell dr Freischdaad Saggsn, is e Bundesland in Deitschland. De Haubdschdad is Dräsdn. De Oborfläche von Saggsn bedrächd 18.450 km², un am 31. Dezember 2016 hadde das Land 4 081 783 Eiwohnr. Saggsn mid Nachbrländrn un Landschafdn. Geografie. Saggsn is dr ösdlichsde Deil von Middldeitschland un gränzd im Nordn an Brandnburch, im Osdn an Bohln, im Sieden an de Tschechsche Rebbubligg un an Baiern, im Wesdn an Dieringn un im Nordwesdn an Saggsn-Anhald. Dobografsch gann mr Saggsn in Flachland, Hieschelland un Middlgebärsche eindeiln. Zunn Flachland gehehrn de Leibzscher Dieflandsbuchd un de närdliche Owerlausitz. 's Middlsäggs'sche Hieschelland liechd zwischn Meißn, Oschatz un Frohburg an dr dieringschn Gränze. De Middlgeberche umfassn dn greeßdn Deil vom Vochdland, de närdlichn Deile vom Erzgeberche mid sein Vorland und vom Elbsandschdeengeberche (ooch Säggs'sche Schweiz genannd) un de siedliche Owerlausitz mit'n Lausitzer Berchland un dn Zittauer Geberche. Dr greeßde un eenzsche schiffbare Fluss is de Elbe. Andre wichdche Flisse sin de Freiberchr un de Zwiggauer Mulde, die s'ch bei Grimme verein'chen, de Weiße Elsdr un de Spree. De greesdn Schdedde sin Dräsdn, Leibzsch un Chemds. Geschichde. Dr Name ""Saggsn"" is dorch mehrere dynast'sche Verschiebung' off's Gebied des heitch'n Bundeslands gekomm'. Urspringlich war drmit 's Land dr Saxones im heitch'n Niedrsaggsn in Norddeitschland gemeent. 's Gebiet vom heitchn Land Saggsn war schon in dr Jungsteenzeid besiedld, un zwar kam' de Siedlr aus'n jetzch'n Behm' un ließn sich vor alln in d'n Flussauen niedr. Im 6. Jahrhunderd war 's Gebied under 'n Eifluss dr Dieringr. Der'n Geenichreich ging im Reich dr Frank'n off. Von 7. bis zn 10. Jahrhundert sied'lt'n Slawen off'n später'n Territorium von Saggs'n, was mr noch an vieln Orts- un Flussnam' erkennt. 929 wurde in Meißn ene deitsche Burch gebaud un drmit de Marggrafschafd Meißn gegrindt. Das war dr Vorlaifr von'n heitch'n Land Saggsn. 1089 wurdn de Wettiner, die schon Marggrafn in Diering warn, ooch Marggrafn von Saggsn. Im 15. Jahrhundert erweiderd'n se ihr Gebiet um's Herzochtum Saggsn-Wittnberch un wurd'n Kurferschdn. Seid der Zeid wurde ihr ganzes Herrschaftsgebied Saggsn genannd. 1485 entstandn aus 'n Wettiner Landen in dr' Leibzschr Deelung 's albertinsche Herzochtum un 's ernestinsche Kurferschdntum. Nach dr Reformazschon, die in beedn Teil'n eigefiert wurde, un dn Schmalkaldischn Kriech ging'n Deele dr ernestinschn Länder un de Kurwerde an de Albertinr. Durch verschiedne Erbteilung'n entstandn off ernestinschn Gebied mehrere kleenere Herzochtiemr. Um Geenich von Bohln wern ze kenn, nahm der Kurferschd Friedrich August I. 1697 wieder d'n katholschn Glaubn an. Saggsn blieb awr lutherisch. De Personalunion zwischn Saggsn un Bohln endete 1763 mit'n Tod von August III. Im Siemjährchn Kriech wurde Saggsn von braißschn Truppn besetzt. Spätr bekämpftn säggssche un braißsche Truppn gemeensam de Franzeessche Revolution. Als se awr 1806 bei Jena un Auerstedt geschlachn wurdn, trat Saggsn dn Rheinbund bei un wurde Geenichreich. Weil dr säggssche Geenich bis zr Völkerschlacht off dr Seide Napoleons stand, musste de Nordhälfte von Saggsn 1815 an Braißn abgetretn werdn. Nach dr Novemberrevolution 1918 wurde Saggsn e Freistaat. 1952 wurd'r offgeleest un de Bezirke Dräsdn, Leibzsch un Chemds (Karl-Marx-Stadt) geschaffn. 1990 wurde 's Land Saggsn wiedergegrindt un um de ehemalchn Landkreise Hoyerschwerde un Weisswasser erweidert.",,https://web.archive.org/web/20230610072202/https://incubator.wikimedia.org/wiki/Wp/sxu/Saggsn,2026-05-23,,,2022,Wikipedia,3485
6,"Säggssch, genauer gesachd Obersäggssch oder Owersäggssch, is ene Gruppe von ostmittldeitschn Mundardn, die vor alln in Saggsn, dn siedesdlichn Saggsn-Anhald un dn nordesdlichn Diering als Rechiolegd gesproch'n wern. Sprachwissnschafdlr undrscheidn de osdrländschn Mundardn in'n Wesdn un de meißnischn Mundardn in'n Osdn vom Sprachgebied. Mergmale. De offfallndsdn Undrschiede zen Hochdeitschn sin de endrundedn Vokale, so wern /ö/ und /ö?/ sowie /ü/, /ü?/ un /üe/ ze /e/, /e?/ sowie /i/ und /i?/, un de geschwechdn Gonsonandn. Wo m'r hochdeitsch K, P un T schreibd, wern G, B un D gesprochn. Zwielaude wern ofde ze eenfachn langn Vokaln, zn Beispiel ei ze ee un au ofde ze oo, aus eu werd ei. Vor alln in Middlsaggsn werd ausn hochdeitsch'n a e dunklr Laud zwischn a un o. Dr Infinitiv vom Verb ended off -en, nich wie in dn Dieringr Dialegdn off -e. 's unbedonde e werd ofde fast weggelassn. 's 'g' werd meisdns ooch wie g gesprochn, nich wie im Hallschn wie 'j'. Wordschatz. Dr owersäggssche Wordschatz is in'n Wörterbuch der obersächsischen Mundarten dr Säggssc'n Agademie dr Wissnschafdn (erschien' in vier Bänd'n 1995 - 2003) un in'n Wörterbuch der obersächsischen und erzgebirgischen Mundarten in zwee Bändn (1911 - 1914) gesammld worn. Schrifdliches. 's gibd wenich off Owersäggssch geschriemne Biechr un ooch - wechn dr rechionaln Undrschiede in dr Aussprache - geene einheidliche Schreiwung. Abgesehn von Iewerdrachung' von Undrhaldungslideradur un Sammlung' von Witzn un gurzn Geschichdn sin vor all'n de Umdichdung' glass'schr Gedichde Säk'sche Balladen un Säk'sche Glassigger von Lene Voigt begannd. Landgarde dr Verbreidung dr middldeitschn Mundardn.",,https://web.archive.org/web/20230602021043/https://incubator.wikimedia.org/wiki/Wp/sxu/S%C3%A4ggssch,2026-05-23,,,2022,Wikipedia,1663
7,"De ""Wahre Scheseskirche"" is ne schinees'sche kristlische Kirchngemeende, die hammse 1917 in Peking gegrindet. Nu zähl'n se zu den indischenen, das sind die einheimschen Denominazionen der Folgsreebubligg Schina. Se war'n doch ooch eene von drei einheim'schen schineesschen Hauskirchn, die ooch vor der Ibernaame der Gommunisden 1949 eksistürt hamm. Se woll'n 's erreischen, dass s' Evangchelium allen Leuden noch vor der Rigg-gehr von unserm Scheses gebreedschd wird. Dafier hammse nu 10 grundlechende Glaubens-Daadsarren für die Wahre Schesus-Gierche gefunden. 1. Dor heilsche Geisd. 2. De Wasserdoofe. 3. De Beene waschen. 4. De heilsche Gommunion. 5. Enn Sabadd-da(r)ch. 6. Unsern Scheeses-krisdus. 7. De Bibl. 8. De Erl'ö'sung. 9. De Girsche. 10. Und 's Wiedergommmen. Wahre Scheseskirche.",,https://web.archive.org/web/20240106075248/https://incubator.wikimedia.org/wiki/Wp/sxu/Wahre_Scheseskirche,2026-05-23,,,2017,Wikipedia,793
8,"Der Ardiggl hier behandld de freie Netz-Enzäglobbedie Wikipedia. Förr de säggsschsprachsche Ausgabe gugge ma bei Säggsschsprachsche Figgibeedscha. Firrn gleischnamschn Astäroidn mussde hier neiillern: (274301) Wikipedia., soweid glor? D's Wiggibedia-Symbol. Wikipedia odor eingesächseld Wiggibedia, Figgibedia, Figgibedja oder noche mähr vorballhornd (off gude Ard) Figgibeedscha isn am fuffzehndn Schanuar zweetausndeens (15.01.2001) gegründedes gemeennüdssches Broscheggd zor Erstellung een'r Enzäglobbedie in 'nem Haufn Sprochn mid Hülfe des Wikibrinzibs. Gemäß Bubliggumsnachfrache un' Vorbreidung jehört Figgibedia inzwischn zudn Massenmeedschen. De Indorned-Enzäglobbedie bieded freie, also gostenlose un' zor Weidorvorbreidung gedachde, undor leggsigalischn Eindrägn (Lemmata) zu findnde Ardiggl sowie ooch Bordale nach Dhemengebiedn. Das Ziel is gemäß 'm Gründor Jimmy Wales, „'ne frei lizenzierde un' hochwerdsche Enzäglobbedie zu schaffn un' damid leggsigalsches Wissen zu vorbreidn“. De großen Figgibeedschen, zen Beischbiel de englische odor de (hoch-)deitsche, zähln zu de umfangreichsde Leggsiga dor Weld. De Finanzierung erfolgd dorsch Schbendn.",,https://web.archive.org/web/20210918085214/https://incubator.wikimedia.org/wiki/Wp/sxu/Wikipedia,2026-05-23,,,2021,Wikipedia,1160
9,"Bei dann sei mr'sch gewuhnt. Dr Michel-Arnst-Bauer war mei-Tog ä Pachhengst. Fieng 'r wos a', wu werklich ä jeder dacht't s' müsst gih' - patsch!! ..machet 'r wos Dumms drquaar, un r' war wieder off 'n alten Flack un hot's zu Nischt gebracht. Do war' ne ganz u'vermut' ä paar Hunnert Toler vun eener Aarbschaft zugefall'n - zwee Tog' drauf rührt 'n dr Schlog. - Dr Horn-Bauer ladt Stange bei sich o', un dr alte Braatschneider kimmt drzu un drzöhlt s' n'. Do sprachen se un äsu vun Michel-Arnst-Bauer. ""Nää, suwos!"" sogt dr Horn-Bauer un schüttelt mit senn graa'n Kopp, ""itze, wu s' nu su weit war, wu 'r ä bissel raus kumme kunnt' - do starbt'r'!"". ""Nu"", meenet dr Braatschneider drauf, ""bei dann sei mr 'sch gewuhnt. Müsst daar 'sch net schu mannigmol su gemacht hoom!"".",,https://www.sachsen-lese.de/streifzuege/mundartliches/bei-dann-sei-mrsch-gewuhnt/,2026-05-29,Anekdoten und Gedichte - Annaberg 1904,Erzgebirge,1921,poetry,772
10,"Gahr für Gahr gieht's zun Advent of'n Buden nauf, werd e Mannel aufgeweckt: ""Komm, nu stehste auf!"" Is es unten in dr Stub, rührt sich's net vom Flack, stieht wu's stieht, doch bal gieht's lus,'s blest de Schwoden wag. Wenn es Raachermannel nabelt un es sat kaa Wort drzu, un dr Raach steigt an dr Deck nauf, sei mr allezamm su fruh. Un schie ruhig is in Stübel, steigt dr Himmelsfrieden ro, doch im Harzen lacht's un jubelt's; Ja, de Weihnachtszeit is do. 's hot zwaa stackendürre Baa un en huhlen Leib, zieht bedachtig an dr Pfeif zu sen Zeitvertreib. Hot e fei schies Gackel a, of'n Kup en Hut, ober Maul un Nos sei schwarz, weil's viel dampen tut. Wenn es Raachermannel ... Kimmt zun Fast dr gruße Gung aus dr Fremd eham, springt dr Klaane rim vür Frad, ach, dos is e Lab'n! Bricht drnoch de Dammring rei, nam mr'n Raachermah, stelln ne mitten of'n Tiesch, zündn e Kerzel a. Wenn es Raachermannel ... Is dr Heilige Ohmd nu ra, werd jed's zu en Kind. Wieder warn in jeden Haus Lichter agezündt. Jed's hofft, daß 's zun Heiling Christ e a Packel kriegt. Überol is Glanz un Pracht, un wie gut dos riecht. Wenn es Raachermannel ...",,https://www.sachsen-lese.de/streifzuege/mundartliches/s-raachermannel/,2026-05-29,'s Raachermannel - Erich Lang,Erzgebirge,1937,poetry,1131
11,"A Schalle Kaffee. A Schalle Kaffee is wos guts, es Beste of der Walt. Es schmeckt in Wald un in dr Stub, an draußen ofn Fald. Bei uns, do werd‘r su gekocht, döß niemanden hiehaat, bei kenn mol Assen fahlt`r do, su is gar weit un braat. Mei gute Mutter saht mei Tog: „Ihr Kinner, merkt mol drauf! Trink ich nimmer ne Kaffee garn, härt‘s langsam mit mir auf.“ Öb vürmittog, öb nochmittog, öb tief nei in de Nacht, a Schalle Kaffee, racht schie warm, hot mannichs gut gemacht. A Schalle Kaffee fahlt aa net, wenn‘s Klaane noch ganz gung. Wenn‘s Störchel macht sich wieder fort, gibt‘s Kaffee drauf un Kuchn. Su gieht‘s durchs ganze Menschenlabn; bei jeder tafel fei, wu irgend is a Festlichkat, muss aa mol Kaffee sei. Bei Zaafeten un Rockengang, di is mr schie gespannt, wos warn se dä fürn Kaffee hobn, dös is doch allbekannt. Do werd nu tüchtig neigeschafft, denn fette Tog sei rar. Dos hielt mr doch, wenn Pfeng do wärn, glleich aus is ganze Gahr. Bei Hochzign un wer waß noch wu gibt‘s Assen vielerlaa. Is do a Wunner, wenn‘s racht würgt en rüm in Ingewaa? A Schalle haaßer Kaffee brengt en wieder ins Geschick. Wan dös net hilft, du lieber Gott, dar hot abn kaa Gelück. A Schalle Kaffee is wos gut‘s, galle, ho ich do net racht? Un wenn‘s schu mol is aufgewärmt, is immer noch net schlacht. Drüm sog ich, wos mei Mutter saht: „Ihr Kinner, merkt mol drauf: Trink ich nimmer ne Kaffee garn, härt‘s langsam mit mir auf.“",,https://www.sachsen-lese.de/streifzuege/mundartliches/a-schalle-kaffee/,2026-05-29,Albert Schädlich,westliches Erzgebirge,,poetry,1420
12,"Ä philospphisches Gemiedhe. Bomadige Sorde. 'S gibbt Sie heitzedage Leitchen, Sehr gebild't un herzensgut, Awwer jedes Kleiniggeitchen Bringkt se schon in helle Wuth. Wohl bassirt uns Erdenbärgern Manches, was de uns nich freit: Awwer nee - mich driwwer ärgern? Dazu dauert mich de Zeit! Noch ä philosophisches Gemiedhe Rapplige Sorde. Da gibbt's so manchen Erdenbärger, Der spricht: Nur geenen Ärger nich; Denn so ä richt'ger, dicht'ger Ärger Vergifdet 's Blut wie« Naddernstich! Ich awwer bin von andrer Rasse, Mir stärkt er Nerfen un Verstand; So 'n richt'gen Ärger erschder Klasse, Den weis' ich niemals von der Hand.",,https://www.sachsen-lese.de/streifzuege/mundartliches/ae-philospphisches-gemiedhe/,2026-05-29,"Bormann, Edwin: Leipz'ger Lerchen",Obersächsisch,1893,poetry,621
13,"Ä Fillosohf. Was das nu eechndlich bloß war, Wonach mr in dr Juhchnd flidzde? Mr wurde sälwr sich nich glar, Was eechal ausdr Färne blidzde. Schdäds indn Wolkn war dr Bligg, Uff ännr Gullr rollde ‘s Gligg. Un war mr schließlich nachgesausd, Dann hield mr gar nischd in dr Fausd. ‘s war alles ähmd bloß Fandasie, Das was mr suchde, fand mr nie. Allmählich ließ mr‘s Schebbsränn sin Un gam so in de Jahre rin, Wo mr Disdangs grichd zu dn Sachn. Dann lärnd mr so ä innräs Lachn, Das gribbld, wie ä aldr Wein, In gansn Orgahnismus nein. Mr guggd mid abgeglärdn Oochn Uff die verriggdn Mänschheedswoogn Un freid sich bloß noch geenichlich Gans eenfach iewersch Dink an sich.",,https://www.sachsen-lese.de/streifzuege/mundartliches/ae-fillosohf/,2026-05-29,Der gemütlich Sachse - Lene Voigt,Leipzig,1925,poetry,669
14,"Was issen? Saachemal, was issn das da fier ä märggwirdchr Voochl? Wo denn? Nu da! Wo dennur? Ich gann gee Voochl sähn! Nu da driehm, glei nähmdn Baum! Ich säh nischt. Wie siehtrn aus? Schwarz. Emmende midde gelm Schnawl? Ja. Siehtern aus wie 'ne Amsl? Ja. Ja - ja - dann isses ooch eene!",,https://www.sachsen-lese.de/streifzuege/mundartliches/am-ostermorgen-erschoepfende-auskunft/,2026-05-29,Säk‘sches Gemiese. Eiene Sammlung der lustigen Dichtungen in sächsischer Mundart - Otto Grune,,1936,poetry,287
15,"An ä Gachelofen. An de Gacheln lähnt mer gärne Dann sei Greize fimf Minuden Un fiehlt nuff bis ins Gehärne Änne heeße Wälle fluten. Nunterwärts in beede Fieße Fließt de Wälle sanft zurick. Sälich wie im Baradiese Schteht mer da un feixt vor Glick. »Du mei Eefchen«, meent mer leise Un is wärklich dief geriehrt, Weil mer ähmd uff solche Weise De Verbundenheet ärscht schbiert.",,https://www.sachsen-lese.de/streifzuege/mundartliches/an-ae-gachelofen/,2026-05-29,Lene Voigt,Leipzig,,poetry,376
16,"An dn Mai. Nu mache‘s diesmal wirklich wahr Un bis ä Wonnemond! Mir Menschen sin‘s, das is doch glar, Von frieher so gewohnt. Was nitzt die scheener Name denn, Wenn‘s Wetter Mucken hat? Bloß egal untern Schärme renn, Das hammer langsam satt. Voll Hoffnung guck mer uff dich hin, Das musste fermlich schbiern. Los, leech uns sonnche Daache hin! Mir zabbeln uffs Schbaziern.",,https://www.sachsen-lese.de/streifzuege/mundartliches/an-dn-mai/,2026-06-02,Lene Voigt,Leipzig,,poetry,372
17,"April is, draußen scheint de Sonn doch när e paar Aagnblick do komme schu wieder de Wolke reingezugn on schiebn de Sonn zerück. Der Storm saust über de Wiesen hi, of Berg on Wälder zu; heilt wie e Kind, reßt aus geschwind on wieder is draußen Ruh. Of aamol regnt 's ven Himmel wie mit Ranne, wos när ka, do zwängt de Sonn sich wieder dorch, on's gieht ven neie a. Ja 's liebe Laabn is aah e su, ball Regn, ball Sonneschei, eh manning der Mai in Herz neikömmt, is 's liebe Laabn vorbei!",,https://www.sachsen-lese.de/streifzuege/mundartliches/april/,2026-06-02,Gezeiten des Jahres - Anton Günther,Erzgebirge,<1937,poetry,485
18,"Sinst hoot‘s din dr Schulstu när e aanzige Wandtoafel gebn. Ober itze, do sei de ganzen Wänd rundsrim drmiet ausgestaffiert, aß dr Lehrer ne klann Abc-Schützen alles megliche oamoln koa. He, dorte aah emoll. Aß siech nu dr Lehrer mit dr Kreide net esue sei Hobitel eisauliert, eh‘r oa ze molern fängt, langt‘r ven Nogel sann weißen Kittel roh un zeiht ne über sei Hobitel drüber. Do spannt sue e klaaner, gescheiter Borbis, stießt noocher sann Banknachber oa un sogt: „He, pass auf Ottel, itze kriegn mer de Hoar geschnieten!“ Wie de Klann nei dr Schul kumme sei, haben se noch kaa Sitzflaasch gehatten, und aah ihre Plappermailer wotten kaa Minut stillstiehe bleibn. Sue hoot halt die klaane Bande enn reichling Töbes gemacht. Do maanet dr Schulmaaster, wie se wieder emoll arg geautert haben, se müsseten esue ruhig din dr Bank sitzen, aß mer urdntlich e Stecknodel falln härn könnt. ‘r wott doch gleich emoll sehe, ob se wuehl esue ruhig sei könnten. Mit an Schlog war dr Larm verbei, und kaans hoot noch enn Muckser getoa. Ganz stiller is geween. Do bischpert of aamoll sue e klaaner Borbis hinten aus dr letzten Bank ne Lehrer zu: „Herr Lehrer – itze kast de die Stecknodel falln loon!“",,https://www.sachsen-lese.de/streifzuege/mundartliches/aus-dr-schul/,2026-06-02,Willy Rudert,Ostvogtland,<1949,poetry,1191
19,"Der Redner Kranz liehschd schwer danieder, Gebrochen von des Alders Machd, Sei Freind, der Musigger Garl Kunze, Sidzd an dem Grangkenbedd unn wachd. Uff eemal sahchd der Grangke leise: ""Du, Garle, mach' ne Freide mir, Unn schbiele mir zum ledzden Male Beedhovens 'Neinde' am Glavier! Das Nodenhefd liehchd dord im Bulde, Das alde, Garl, du gennsd es doch, Nimm's raus unn schbiele mir vorm Schderben den dridden Sadz der 'Neinden' noch!"" ""Nu gern!"" sahchd Garl, gehd hin zum Bulde, Unn hohld das gelbliche Babier: ""Ich weeß' nich, Franz ob's noch wärd gehen, Ich hab' die Brille nich bei mir!"" Er sedzd sich hin, fängd an ze schbielen, Die schwachen Oogen dichd am Bladd; Der Franz heerd zu in sel'ger Ahndachd, Den alden Gobb im Gissen madd. Nach eener Weile schbrichd er flisdernd: ""Ich weeß nich, Garle, liehchd's an mir? Das glingd mir alles heid so fremde, Was schbielsd'n du uff'm Glavier?"" Der Garl heerd uff, guggd in die Noden: ""Ne wahr? Ich hawe's ooch gefiehld, Im Hefd sinn so viel Fliegendregger, Die haw' ich, gloob' ich, midgeschbield!""",,https://www.sachsen-lese.de/streifzuege/mundartliches/beedhoven/,2026-06-02,Säk‘sches Gemiese. Eiene Sammlung der lustigen Dichtungen in sächsischer Mundart.,Leipzig,<1936,poetry,1051
20,"Das Drabbi-Handbuch Herzlischen Glügwunsch zum erfolgreischen Erwerb Deines Trabant 601 S! Was lange währd, wird endlisch guud. Nachdem Du über 12 Jahre gewarded hasd, gannsde heude endlisch Deinen Drabbi zur ersden Ausfahrd besdeigen. Doch zuvor noch einige deschnische Hinweise, die Dir sehr hilfreisch sein werden: Modor: Lufdgegühlder Zweydagder mid Drehschieber-Einlassdeuerung Vendile: geene Noggenwelle: ooch geene Zahnriemen: ooch geener Zindung: Molodov Abreiszindung Zindgerzen: Blidzgov 175 hl UdSSR Vergaser: Einloch-Schlauchrisselvergaser Padschgi Bradislava Lischdmaschine: GOW Sonnenundergang Peging Benzinbumbe: ooch geene Anlasser: VEB Anlassergombinad Winderschreg Fahrwerg: Frondandrieb (vorne reschds), Enzelradaufhängung für Reserverad. Eengelenghinderachse an Gummifedern. Seilzuglengung mid audomadischer Schburverbreiderung nach 10000 km. Hidraulische Drommelbremsen vorn und gelegendlisch ooch hinden. Garosserie: Bodengrubbe 2mm emaillierdes Badewannenblesch. Sonsd Plasde. Lieschesidze nach Loesen von 4 Schrauben SW22 schnell bedriebsbereid. Dacho wird dursch Windrad am Wagenbug angedrieben, daher bei Geschenwind leischde Fehlmessungen möchlisch. Scheibenwischer Handbedrieb dursch gleischmässches ziehen an roder Schnur (Sonderausstaddung). Scheibenwaschanlaache in Form von Wasserbisdole (lieschd im Handschuhfach). Heizung: Falls eine Beheezung des Waachens nodwendisch wird, z.B. im Winder, ischd es zwegmässisch, einen Spiridusgocher zu erwerben. (Spiridusgochergombinad Flammendes Inferno Leibzisch) Dieser Gocher basschd genau auf die Middelgonsole. Achdung! Beim Schalden Asbesdhanschuhe drachen! Sonschd Brandblasen. Fahrleisdung: Die Geschwindischgeid des Waachens in der Ebene ischd eine ungeheure. Sie gonnde in der DDR noch nischd erforschd werden, da hier eine höhere Geschwindischgeid als 100 km/h nischd erlaubd war. Geraeusche: Die Geräusche halden sich in Grenzen: Fahrgeräusch innen ca. 125 dB Fahrgeräusch aussen ca. 138 dB Achdung: Wischdiger Hinweis! Das Zendralgommidee der Sozialisdischen Einheidsbardei Deudschlands had am 1.10.1989 beschlossen: ""Jedes nach dem 1.10.1989 in der DDR gebaude Grafdfahrzeusch wird mid einer audomadischen Sdasi-Gursgondrolle ausgesdadded"". Diese bewirgd, dass in einem Fahrzeusch, das sich länger als drei Sdunden in wesdlischer Rischdung beweschd, die Gubblung egsblodierd! Zum Schluss möschden wir Dir noch einen Hinweis geben: Aufgrund der grossen Nachfrage nach unserem Trabant 601 S in In- und Ausland gann der näschsde Waachen an Disch erschd in 16 Jahren und 3 Monaden ausgelieferd werden. Deshalb gleisch den näschschden besdellen. Und nischd vergessen: Die Bardei hat immer reschd!",,https://www.sachsenwelt.de/sachsen/mundart/trabbi.html,2026-06-12,,,,,2676
21,"Achterbahn dr Gefihle auf dr Annebarger Kaat. Is ging weit nooch uuhm und steil nooch unt'n. Zwischen G-Kräften, leckerm Assn un viel Spoß kame mir doch einiche arzgebargsche Wertor in dn Kopp. Zen Gligg war's is eenzsche wos mir in dn Kopp geschossn kam. Adrenalintschankie oder guckst De Dir's lieber von unt'n ah und genießt Assn und Atmosphäre? su e Backfisch rickwarts gegassn is ah ganz wos feines. hast auf jedn Fall alles gegaam. ich gih krach'n aber ob iech dan kenn wess iech fei net. Musstn mir mol zeing ka ah bassiern wenn des ibertrebst Kaatwattor halt, entweder ze warm oder ze kalt. ene muss ja ah assn uhne ze speie keene Sorch, du bist net allene Wuhling Dis hot mir noch gefahlt. Abselut is halt ah e Hammer Fast ich kenn ene die soocht immor, mor muss dem Kerper ah mol wos ahbietn sooch Bescheed, bi zah Minutn von dr Kaat wag, wenn'sch flitz hot risch Spaß gemacht",,https://www.instagram.com/p/DZVOe5ON7dg/,2026-06-14,@simplysaxony,Erzgebirge,2026,instagram,886
22,"Dos wo frieher de Walzer stand! Hob fast gespeit letztes Gahr. Weil iech Rind vurne wag noch nen Backfisch frassn musst! Heer auf, dos Öl, kaas heit noch schmeckn! Naddl frooch net, bie ausgestiegn unn erschtmol gegn su nen Pfeiler gestrerzt.",,https://www.instagram.com/p/DZVOe5ON7dg/,2026-06-14,@simplysaxony,,2026,instagram,242
23,Überall wird mir schlacht außer an dr Frassbuud.,,https://www.instagram.com/p/DZVOe5ON7dg/,2026-06-14,@simplysaxony,Erzgebirge,2026,instagram,48
24,Nen scheen Pulli haste ah bei der Kält Nei ins Wuhling... Reitschul..... das musste mal zu de Schausteller sagen. Due klärn Dich dann mal uff. Das is kenne Loosbud..des is dr Nietentempel... Alles wuus um de eigne Achs nimm giet,,https://www.instagram.com/p/DZVOe5ON7dg/,2026-06-14,@simplysaxony,,2026,instagram,228
25,"Zu den Würstchen fehlt aber noch ä scheenes Breetchen vom Bägger. Aber ne rische Dresdner Eierschecke hätts de och verdient Abbor bidde midd Fidd ""Fit"" wischn. Escht, die Bottn Aldorr, viehisch!!! Noch en Emaile Emor...das Mobbt ein",,https://www.instagram.com/p/DZFtyr7IQdw/,2026-06-14,@simplysaxony,,2026,instagram,232
26,"Manchemol kennt mr ehfach ausflipp'n. Un in bester Mundart flippt sich's doch glei viel besser oder? Egal ob Krak'l, Rotz oder Bleedmaa, de Luft muss naus. Welches Wort liegt Eich direkt auf dr Zung wenn's ze viel ward? hom mr schie de Hälft fir de nächste Folch kennt mr wuhl de nächste Folch mit schlachte Wertor zesamme aufnamme? net schlacht. Immor har dormiet Wenns hart ward is dis alles ganz schnell e Wort Mei Op' hot's gern gesagt. Do warste schnell ah mol e Dalg'n kenntste am Äppl drehn Dis sah ich die Woch vielleicht noch Die Woch giht se lus, de @annaberger_kaet Ich sooch's mol su, mir homs gemarkt weil de Wand unten drunner nass gewurn is. Also ist schie bissl wus nei geloffn do hast fei racht mach mer dann mit'n Dannebaam nochemol bei unre Freinde vun @fichtn_erzgebirge langweilig wards net bei uns",,https://www.instagram.com/p/DZDM8SYtOrb/,2026-06-14,@simplysaxony,Erzgebirge,2026,instagram,819
27,"Mistkrack is ah schie un dr alle Doffl un de Arschgeich darf ah nich fahln. wenn iech heit Ohmd noch ewing ieberlech, kimmt die annere Hälft ah noch zamm. ja, dos kennt hie komm. Wenn mor mit e haffen Leit zesamm arbt, do kimmt en allerhand Zeuch in Kopp nei. Lack miech fett Isch werd bleede A Dalgn, des hab ich ewig nimmer gehört mich regts hart auf, wenn die bei mir in der Klinik net mal mehr grüßen können die rotzlöffeln da könntsch de Hack nehme!!! Mei Op hat immer dlei Koppwidding gekricht, weil ich mich saubleed ahgestellt hoh.. Am Meestn nervts wenn daar rotz net e su gieht wie iech dos will… do kimmt ah mal e „Eiverbibbschter Rotzmist"" oder ähnliches raus Bei su wos is a oft ,,Katkamel"" dorbei. Haha geil hat meine Mudd a immer gesaaht Herrlich, ihr Zwee war nen Schoodn hot... beste Vorlage für ne Karzl-Folge iech free mich draaf Wu gibts die feine Mitz? Nee das definitiv net",,https://www.instagram.com/p/DZDM8SYtOrb/,2026-06-14,@simplysaxony,,2026,instagram,895
28,"Wu de Hasen Hos'n heeß'n und de Hosen Hus'n heeß'n, do bi iech Drhem Wie tät dor Günther 'Ton sogn: ""Wu de Walder haamlich rauschen, wu de Haad su rötlich blüht, mit kan König möcht ich tauschen, weil do drubn mei Haisel stieht."" Gieht schie Erzgebirg - wie biste schie !!! Dort wu de Grenz vu Sachsen is Ä dreivertl Gahr Wintr un ä vertl Gahr schlacht's Wattr.",,https://www.instagram.com/p/DYyvGAoFvYZ/,2026-06-14,@simplysaxony,,2026,instagram,361
29,"Ab in de arzgebargsche Kich. Allene in arzgebargschen Kochbichern lauern su viele grußartiche Begriffe, aber losst uns arschtmol mit de Grundloong ahfange. Vom Schneidbraad'l bis zen Kließlhebor. Welche Gerichte und Begriffe fall'n Eich noch ei? Itze bi iech abor raus, iech hob Hunger wollt iech arscht miet eibaue, hob abor gar keens do nitzt nischt, arngdewie muss ja dr Schrittezählor vull warn gibts ganz Kochbicher dribor. Viel ward aus de Ardippln gekocht oder gebrootn Frieslich is allgemein wos Feines Frieslich is Schnittlauch Mit oder uhne Kließ? mit Ardipp'l kemmer viel machen. Klitscher sein ah wos Feines brauchste ah in Rierbasen? fast jedn Tooch? Do freet sich aber ene iber de neie Kich Und jeder dorvu macht sei Zeich Mit Rosine? Reernhador, grußartig wos war de dis glei? Giht bestimmt ah mit'n Ei Phon gute Mutt Un e klee wing Knublich Oder e wing Frieslich auf dem Bemm Iech dät itze mol denkn e Rihrgerät, abor total sicher bi iech mir net. Rundimfatzlambl kenn iech. vom Feinstn fir de Kich oder fir den Schlofstub? machste nischt iech ass se ah gern harzhaft",,https://www.instagram.com/p/DYxMlAyNLnH/,2026-06-14,@simplysaxony,Erzgebirge,2026,instagram,1083
30,"Damit de ah alles zum Disch niebor krichst, brauchts noch e Hiehdroochbrahdl iech ass ja dodal gern Eigeschniedene du uuugelikk, da musste ja e bor mol laafn Buddemillichgatzn mit Spack un Frieslich was is denn Frieslich? Den Begriff gibts im Voochdland fei gar ned Frieher gabs öftersch Schwammebrieh dorhem. Un als Kompott nen Stück Eierschecke ...uhne Kließ - wir hatten doch nüscht Am liebsten aß iich ene in Leinel gebackne Rauchemad. Dodorzu eine Bemm, of dar mer die Rauchemad drauf lecht. Dos ist e wahres Fastmohl. En Rierbaasn brauchste wenn de Bebe backn willst wos brauch iech? enn Riehrbaasn namm ich fast jedn Tooch! su jetze hom wer en Rierbaasn, en Rierbasen un en Riehrbaasn De Quark-keulchn und ein Wort das ich in dor Kiehhääd s erschte Mol geheert is Reernhador. Un de Äppl watsch brauchste aa um de zeit ze massn Klitscher macht de Mutt egal. Wos gans afaches: Bee-Bemme mit frischer kalter Budder un a weng Salz - am besten vom Grill - sehr fein off jedn Fall Un manchemal bleibt de Kich kalt, da gibt greene Klies un Stunk Beergetzn mit Blaubeern ausm Fichtelbargwald oder Staapilzschnitzel agebrotne Schwamme of nor Bemm mit Bittersilich Ne schiene Baaabe mitn orangen RG 28 ahgeriehrt, is ah e Gedicht Wess de de was e Rimundnimmfatzstackel is? Beee-Bemme un Buddormilschgatzn Iech bie ah fer Klieselheber. Is hiedrahbratl braucht mer a Host du fei ka Reinl? Mei liebstes in Dortmund Kisch ist dort Hiunhawatzstakn (Hinundherwetzstevken), genau = der Quirl Reernkuhng is es allerbeste Un assn du morgen gern Klitscher bzw. Latschn Klitschor miet Äbblmus",,https://www.instagram.com/p/DYxMlAyNLnH/,2026-06-14,@simplysaxony,,2026,instagram,1578
31,"War kennt de Werter die keener kennt??? Dis war e Fast, 150 Musiker fir Anton Günther un mir mittendrinne. Auf dr Bühne in besten Ausblick auf Eich alle gewurfn un unten ner feine Leit vor de Kamera gezerrt. Un noch mehr feine Leit getroffn. Dr Anton hätt siech gefreet. Aber itze mol Butter bei de Fische bzw. Semf of de Brotworscht, war von Eich kennt de arzgebargsche Werter die sonst keener kennt??? volles Bratt virwarts Kraak'l kam su ganz leicht passiv aggressiv als hättst de schie in een oder annern Balkenkraakl gehabt fand's mega red mr mol net von Fleeschor oder Flaaaschor mir vorsuch'n unnern Teel ze leistn un bei huwietsch? Ich wess es immer noch net mei Op' saat im Februar gern mol ""Foosnt"" wenn dr MDR mol Aushilfe braucht ne bluß net danke, ohne meine ""freiwilligen Helfer die ehfach vor de Kamera gezerrt wurn"" wär's net so scheen gewurn",,https://www.instagram.com/p/DYfJ0DNNz-w/,2026-06-14,@simplysaxony,Erzgebirge,2026,instagram,858
32,"Auwe es tut mir leid, dass ich dir so ins Wort gefallen bin...ich war su e bissl uffjeräscht da kam is Trauma glei wieder hoch dankescheeeeen für deine Mühe und Einsatz Willrich- herrlich, dos hob ich schu su lange nich gehert, hot meine Om ah immer gesagt. Ich tät s emol übersetzen, mit „Wilder"", also eh wilder Mensch , eh wilder Hund und su- oder of ganz neimodsch ahm „Hyperaktiv"" sollt jemand ne andre Übersetzung hom, har dermit des machd mor ah noch ze schaffn des song mir heit noch Wie dor Moderador himsälf",,https://www.instagram.com/p/DYfJ0DNNz-w/,2026-06-14,@simplysaxony,,2026,instagram,517
33,"Welches Lied von Anton Günther is Dei Liebstes? Zen kommenden ""150 Musikanten für Anton Günther"" Event von @kuk_erz gibt's ene Mundart Monday Spezialfolge, de kaum ener hot unre Mundart su geprägt wie er. E echter Erzfluencer seiner Zeit. Bist De am 17. Mai miet am Start in @stadt_annaberg_buchholz? am Sunntsch ze heern E Text, dar in jede Zeit nei passt u schnell giht's mit de Fake-Nius haste racht, do war de Rieb schie im Feieromd und ich hat dorbei de Stimm vom Anton im Kopp. Wenn de Vugelbeer blüht war glaab iech vom Anton. Zemindest net ganz weit wag. Danke für de Korrektur. hatte ich ah iberleecht, dr Monday rollt fir mich ewing besser und mor hult ah de Uhieschen noch eher miet ab. do wär mor schie wus hie krieng abselut brauch mor zur Zeit eigentlich wieder ene dos is wuhl war mr warn's sicher für diejenigen festhalten, die net dorbei sei kenne Oha, ihr Leit! Do war ich im Video su im Anton-Günther-Fieber, dass ich ne glatt in Vugelbeerbaam und den Schwammemarsch unnergejubelt hob. Danke fir de Korrektur - do war de Rieb wohl schie im Feieromd! Asche auf mei Haupt, mr lernt ab'n nie aus. Abor itze mol ehrlich: War hot's mer de geglaabt un hatte bei die Liedle ah in Anton seine Stimm im Kopp?",,https://www.instagram.com/p/DYNIU5BtzZG/,2026-06-15,@simplysaxony,Erzgebirge,2026,instagram,1218
34,"Vergaß dei Haamit net! Deitsch un frei woll mer sei ""Ach dis war ah von dam?"" und zack hatt ich's glei gar nich mehr hinnerfraacht. Schinnes Video Dr Vugelbeerbaam un dr Schwaamemarsch sei aber fei net vom Anton. Naja, isch denk mer nur mr sullten bei unnerer Sprach bleim... De Ufenbank... Is gibt su viel schiene Liedle mit Texten, die ah heit noch su wahr sei. ""Do draußen im Wald"" is zum Beispiel ah aahns drva. Am liebsten hob iech n Schneeschuhfahrermarsch. ""Wir halten trei zu unrer Haamit und singe lustig unner Lied und geh mer fort nort kehr mer wieder, su wie dr Vugel haamwärts zieht."" Lebe schon 30 Jahre nicht mehr dort, aber ist un bleibt mei Haamit. Hab gleich Heimweh. of de Barg, do ist halt lustig",,https://www.instagram.com/p/DYNIU5BtzZG/,2026-06-15,@simplysaxony,,2026,instagram,716
35,"Gliggauf ihr Leit! An dr Drehbank fliegen de Spää - und wos machn mr drmit? Richtsch, arschst flieng se ins Aach und drnooch machn mr drmit e Huscherle im Ufn Ihr wisst ja: Huscherle (e scheenes kleenes Feier ahzinden) war letztes Gahr offiziell is Wort des Gahres im Arzgebirg. Aber itze seid IHR drah! Mr suchen is Wort des Gahres 2026! Welcher arzgebirgsche Begriff hot's dieses Gahr vordient, ganz uum ze stihe? Soocht ihr bei eich Spaa, Spää oder doch wos ganz annersch? Wos is Eier Vorschlooch fir is neie Wort des Gahres? Schreibt’s mir nei. Iech bi gespannt wie e Flitzebuung. do is dann schie e wing Frust dorhinner du Ugelik, dos kenn iech gar net. Wos heest des dis? Iech kenn ner ietzsch hast de se wenstens glei noch aufgeklärt? Abor vorm Fanstor fetzt. Iech dät ah manchmol ze gern e Mikro ans Lodnfanster baue um de sperrguschn. schlachter Einfluss is ah su ne Art Briggedirprass Su e geräächorter Gouda is wos feines. Un su ene Lend Wie iech de Nadl kenn hot se's nooch'm lack'n net mer har gegaam Is net schlacht, ward ah im arzgebirgschen verwendet, is aber eher sächsisch würd ich denken abselut maahrn kenne mor Bibel auf arzgebargsch wär ah noch wos e guter Virschlooch hob echt iberleecht ob iech's eibau aber iech glaab do hom ze Viele ?? im Kopp Kriebl'n gob's schie immer. Abor racht haste trotzdam, sogar ausgewachsne Mistkriebl'n ganz dünnes Eis, mei Fahlor e wing bleed rimlabbm riht schie",,https://www.instagram.com/p/DX7GrSdNQ5c/,2026-06-15,@simplysaxony,Erzgebirge,2026,instagram,1417
36,"Mei Wort wär ""elitzsch"" Letztens daten de alten Leit vor meim Fanstr iebor mich rimlappen und fachsimpeln, ob iech elitzsch bie dos häßt doch nich ""elitsch"", dos häßt doch ""älätsch"" naja Schreibweisen sei Ahsichtssach, aber du wesst was ich meen (oder mähn) Ich war mir ah nich sicher, deswaang hatt ich's nochemol gegoogelt nee, solln ner bis zeletzt driebor nochdenken nu klor, de Schreibweis is ahsichtssach. Aussprachen muss mors kenn aber ha, ich hab glei gewusst was de mähnst ohne die erklärnden Kommis zu lasen ich bi doch a älätsch, mir sei doch in en Team Ab dormieed nein Uuuuhfn! Mei Lieblingsword war un is dor ABBORT Genauesuuu! Iiech tät räächorn dormiet. Lendn unn Kaas. frooch de @ zimmermann.ranch, die hamm schie draa gelackt! racht haste! Silveitscho fei aah net. Wos siehst du abor denn Spaa im Aach deines Brudors un denn Balgn in deinem agnen Aach bemerkst du net? Ehmende....dos find iech gut Is wirklich net schlacht! Dei Gusch gieht wie geschmiert es wer fei echt wos scheenes Net schlacht, dos huscherle",,https://www.instagram.com/p/DX7GrSdNQ5c/,2026-06-15,@simplysaxony,,2026,instagram,1030
37,"Arzgebargsch-Vokabeltest: De „Husn""-Edition! Is gibt Wertor, die muss mr ehfach fühln. Heit klärn mr mol de warklich wichtschn Froong im Arzgebirg: Wos is dr Unnerschied zwischn Haasn, Hoosn un Huusn? Warum sollte mr im Sommer dringend seine „Kaas-Bee"" lüftn? Un welche „Hus"" hob iech in dr List komplett vorgassn? Schreibt mir eire Dialekt-Favoriten in de Kommentare! Orr Hendrik abselut Niethusn sei de Tschienshusn oder? Nikki sooch iech immer noch un meine Kinner wissen net wos ich meen. ner bis se gewaschn wurn is. Siste mol, glei noch ne Hus dorzu gekomme. De Hauptsach se is net dorbei eigeloffn Oder ne ze kleene Hus oder ah ne Kinnerhus auf dich hob ich schie gewartet aber hauptsach is Fleesch schmeckt. Und dann glei noch e schiener Schwamm mit nei in de Pfann sulang kEEner Metzger soocht... wu kimmst de Du har? kimmt Dis net auf's Ragout Feng? kaa mor ja schie mol vorwachseln war bei dan Watter noch net dra ze denken oder? Die wollt ich ner net zeing muss eindeutig hees'n hees'n aber Tschogginghus is gut manche soong de Beste kaa mor net glaam, das es manche Leit annersch soong oder? un su kaa's ah bleim Ganz wicht'sch un dorzu noch de Wattgack un de Filzstiefeln net ze vorgassn die zieht mor aber uhmrim ah dann lieber ene mit Husntraachor na su um de Eck vorstiehe mir uns schie noch ne do lieng se gut ah nischt gescheits, gute Besserung Buchs'n? ...du Ugelik, do sei mer wu higerodn... hatte iech ah mol in dr Warkstatt, mittlerweile bluß noch Bundhusn Laderhus ka ah schie mol zur Hotpant warn ah net schlacht, de Ahzughus zuzesoong ganz wicht'sch, net ze vorgassn. Ah meistens mit Lechor oder?",,https://www.instagram.com/p/DXpFJuztr79/,2026-06-15,@simplysaxony,Erzgebirge,2026,instagram,1622
38,"ei uns gobs Niethusn dorham. Un wenn de Blaubeer rut sei sei se noch grie. In diesem Sinne Glück auf. Genau su isses. Mir hatten a ke T Shirt. Des war e Nicki. Zählt a ne Dracksche Hus? dann is es ne Gewaschne Hus dann wiederum , wäre es ne Eigelaffne Hus dann wäre es ne Miniatur Hus Nu es gibt noch de Räuberhuus. Für de Gunge zum draus rumräubern. Des is wie beim Flaascher. Der hot ah mannichsmol Hosnflaasch. Derfste aber net mit de Husn verwachseln. Die kasste ahzieh oder du findst ah mol ne Huus draussen in Wald. Manche nanne die ah Berlebilz. In Bernsbach haasts schie immer Flaasch und net Fleesch. Mir sei doch net in Kams! Obacht! Schwamme sei is A un O. Aber beim Flaasch werds langsam kriminell. Do müss mer nochemol redn. Ich glaab, do hammse Eich wos Falsches beigebracht. Wu de Hasen Hosen hasen und de Hosen Husen hasen, do sei mir drham. De Manschessdorr Hus Nah, dis is de Worrschessdorr Soß Bodhus fehlt. De Underhus net vergassen Bei uns sei‘s außerdem Arbitshusn… Strumbhusn gib’s a noch „Wo de Hasen Hosn haßen und de Hosen Husn sei, da bin ich dahaam."" so wurde es mir als Kind beigebracht. Und ich hab grad meine JoggingHus a Un iech kum a aus‘n Arzgebirch. Eine schiene Sproch. Wu de Hasen Hosen und de Hosen Husen heesen ja hältste net fir glaabste kaum Su kenns iech a De Schneehus Vrgaßt fei net, bei denn ganzn husn, des mr a ne Wattgack a zett, sonst wirds kalt naufm Pelz... I brech ab Su isses. Glig auf! Iich hob noch Wannerhusen im Schrank. ball zieh ich se ah wiedor ah. Abor zur Zeit is de Rüsselseuche am Start Bei uns heeßt‘s och „Buchsen""! Buchsen warn aber nur de Schlibber. iech hatt in dr Kinnerheit a orangeene Korthus hom die mich alle ausgelacht De Latzhus....",,https://www.instagram.com/p/DXpFJuztr79/,2026-06-15,@simplysaxony,,2026,instagram,1708
39,"Do hot mir emol dr Ullmann-Paul ä schiens Ding erzöhlt.- Wie domols is Krematorium aufkam, do hot dos bei die Leit, die ernst un genau an Bibelwort glaabn, en grußen Aufruhr gaabn, wall‘s doch haaßt, doss dr Mensch nooch senn Tud leibhaftig wieder auferstieht. Ober wenn‘r verbrannt werd, wos is dä nocherts? Do soßn nu in dr Zwäntz e paar alte Leit zum Feierobnd of dr Bank un tatn sich dodrüber unnerhalten. Dr Enten-Korl hatt sich verbrenne lossen. Do gung no dos Reden hi un haar. Dr Tav saat: „Nu, mit dann Verbrenne, dos is gar kaa urachte Sach. Do is allis mit aamol erledigt, un dos weng Asch lässt sich leichter aufhebn wie die vieln Knochen.“ Do war ober sei Freind ganz erbost un saat: „Du kasst dich ja su neimodisch verbrenne lossen. Iech, iech loss mich begrobn, su wie iech‘s von klaa auf gewähnt bi.“",,https://www.sachsen-lese.de/streifzuege/mundartliches/begrobn-oder-verbrenne/,2026-07-09,,Erzgebirge,1912,poetry,816
40,"Nu Gung, gih in de Kammer nauf Un hul das Weihnachtszeig, Dos kimmt dann in de Eck do nauf, Do sei mr doch su reich. Dr Gung zieht seine Filzschuh â Un ging emol do nauf Un bringt â mit dann grußen Mâ. Un stellt‘n off de Ecke nauf. Un schiene Mannle, gruß un kla, Die bringt‘r â mit ra, Un Weiwle, Bargmannle â. Die sieht doch gar ze schine â. Wenn die Ecke fertig ist Na Gung, ‘ne Engel gibste â E grußes schins Licht. Die annern steckt doch auf mei Frau, Die is dodrauf d‘rpicht. Na, un brenn de Lichter â Un â dös feine Schach (= Bergwerk) Un steck nur fei dann grußen Mâ Doch â sei schine Pfaff (= Pfeife).",,https://www.sachsen-lese.de/streifzuege/mundartliches/beim-aufbau-der-christecke/,2026-07-10,Ernst John,Annaberg,<1937,poetry,610
41,"Bemmchen's Friehlingsliehd Schon wehd ä lindes Liftchen Mir um de Nahse. Wie ehn so‘n Friehlingsdiftchen Bringt in Eggstahse! Un gleene griene Bläddchen Ziehrn Strauch un Beime, De Sonne feikst im Schtädtchen In alle Reime. De Briehmeln un de Veilchen, Die gommen wieder, Un‘s dauert bloß ä Weilchen, Da blieht der Flieder! Nu will ich mit Behagen Än Bummel machen - Un hin ins Leihhaus drahgen De Wintersachen.",,https://www.sachsen-lese.de/streifzuege/mundartliches/bemmchens-friehlingsliehd/,2026-07-10,Dichtung und Prosa von Leipziger Frauen - Lene Voigt,Leipzig,1914,poetry,411
42,"Beschauliche Bilanz Zu Neijahr hatt'ch mer vorgenomm, De Daache alle, wiese gomm, Zu gondrolliern druff, obse nich 'ne gleene Freide hamm fier mich. Un wärklich, änne Gleenichgeet Zum Frei'n gab's bei mir jederzeet. Jn mein Galänder malte ich Drum unter jeden Daach ä Schtrich. Un wie nu's Jahr zu Ende war, da zählt' ich deitlich, zählt' ich glar Dreihundertfinfunsächzichs Freiden (Dadsächlich, ich bin zu beneiden.)",,https://www.sachsen-lese.de/streifzuege/mundartliches/beschauliche-bilanz/,2026-07-10,Lene Voigt,Leipzig,,poetry,418
43,"A Schalle Kaffee is wos guts, es Beste of der Walt. Es schmeckt in Wald un in dr Stub, an draußen ofn Fald. Bei uns, do werd‘r su gekocht, döß niemanden hiehaat, bei kenn mol Assen fahlt‘r do, su is gar weit un braat. Drüm sog ich, wos mei Mutter saht: „Ihr Kinner, merkt mol drauf: Trink ich nimmer ne Kaffee garn, härt‘s langsam mit mir auf.“ Öb vürmittog, öb nochmittog, öb tief nei in de Nacht, a Schalle Kaffee, racht schie warm, hot mannichs gut gemacht. A Schalle Kaffee fahlt aa net, wenn‘s Klaane noch ganz gung. Wenn‘s Störchel macht sich wieder fort, gibt‘s Kaffee drauf un Kuchn. Su gieht‘s durchs ganze Menschenlabn; bei jeder tafel fei, wu irgend is a Festlichkat, muss aa mol Kaffee sei. Bei Zaafeten un Rockengang, di is mr schie gespannt, wos warn se dä fürn Kaffee hobn, dös is doch allbekannt. Do werd nu tüchtig neigeschafft, denn fette Tog sei rar. Dos hielt mr doch, wenn Pfeng do wärn, glleich aus is ganze Gahr. Bei Hochzign un wer waß noch wu gibt‘s Assen vielerlaa. Is do a Wunner, wenn‘s racht würgt en rüm in Ingewaa? A Schalle haaßer Kaffee brengt en wieder ins Geschick. Wan dös net hilft, du lieber Gott, dar hot abn kaa Gelück. A Schalle Kaffee is wos gut‘s, galle, ho ich do net racht? Un wenn‘s schu mol is aufgewärmt, is immer noch net schlacht. Drüm sog ich, wos mei Mutter saht: „Ihr Kinner, merkt mol drauf: Trink ich nimmer ne Kaffee garn, härt‘s langsam mit mir auf.“",,https://www.sachsen-lese.de/streifzuege/mundartliches/a-schalle-kaffee/,2026-07-10,Albert Schädlich,Erzgebirge,,poetry,1407
44,"Was das nu eechndlich bloß war, Wonach mr in dr Juhchnd flidzde? Mr wurde sälwr sich nich glar, Was eechal ausdr Färne blidzde. Schdäds indn Wolkn war dr Bligg, Uff ännr Gullr rollde ’s Gligg. Un war mr schließlich nachgesausd, Dann hield mr gar nischd in dr Fausd. ’s war alles ähmd bloß Fandasie, Das was mr suchde, fand mr nie.- Allmählich ließ mr’s Schebbsränn sin Un gam so in de Jahre rin, Wo mr Disdangs grichd zu dn Sachn. Dann lärnd mr so ä innräs Lachn, Das gribbld, wie ä aldr Wein, In gansn Orgahnismus nein. Mr guggd mid abgeglärdn Oochn Uff die verriggdn Mänschheedswoogn Un freid sich bloß noch geenichlich Gans eenfach iewersch Dink an sich.",,https://www.sachsen-lese.de/streifzuege/mundartliches/ae-fillosohf/,2026-07-10,Lene Voigt,Leipzig,1925,poetry,657
45,"Bomadige Sorde. 'S gibbt Sie heitzedage Leitchen, Sehr gebild't un herzensgut,  Awwer jedes Kleiniggeitchen Bringkt se schon in helle Wuth. Wohl bassirt uns Erdenbärgern Manches, was de uns nich freit: Awwer nee - mich driwwer ärgern? Dazu dauert mich de Zeit! Noch ä philosophisches Gemiedhe Rapplige Sorde. Da gibbt's so manchen Erdenbärger, Der spricht: Nur geenen Ärger nich; Denn so ä richt'ger, dicht'ger Ärger Vergifdet 's Blut wie« Naddernstich! Ich awwer bin von andrer Rasse, Mir stärkt er Nerfen un Verstand; So 'n richt'gen Ärger erschder Klasse, Den weis'  ich niemals von der Hand.",,https://www.sachsen-lese.de/streifzuege/mundartliches/ae-philospphisches-gemiedhe/,2026-07-10,Edwin Bormann - Leipz'ger Lerchen,Leipzig,,poetry,595
46,"“Was issen?” “Saachemal, was issn das da fier ä märggwirdchr Voochl?” “Wo denn?” “Nu da!” “Wo dennur? Ich gann gee Voochl sähn!” “Nu da driehm, glei nähmdn Baum!” “Ich säh nischt. Wie siehtrn aus?” “Schwarz.” “Emmende midde gelm Schnawl?” “Ja.” “Siehtern aus wie 'ne Amsl?” “Ja.” “Ja -(Pause) - ja - (Pause) - dann isses ooch eene!”",,https://www.sachsen-lese.de/streifzuege/mundartliches/am-ostermorgen-erschoepfende-auskunft/,2026-07-10,Otto Grune - Säk‘sches Gemiese,Leipzig,<1936,poetry,332
47,"An de Gacheln lähnt mer gärne Dann sei Greize fimf Minuden Un fiehlt nuff bis ins Gehärne Änne heeße Wälle fluten. Nunterwärts in beede Fieße Fließt de Wälle sanft zurick. Sälich wie im Baradiese Schteht mer da un feixt vor Glick. »Du mei Eefchen«, meent mer leise Un is wärklich dief geriehrt, Weil mer ähmd uff solche Weise De Verbundenheet ärscht schbiert.",,https://www.sachsen-lese.de/streifzuege/mundartliches/an-ae-gachelofen/,2026-07-10,Lene Voigt,Leipzig,2021,poetry,359
48,"Nu mache‘s diesmal wirklich wahr Un bis ä Wonnemond! Mir Menschen sin‘s, das is doch glar, Von frieher so gewohnt. Was nitzt die scheener Name denn, Wenn‘s Wetter Mucken hat? Bloß egal untern Schärme renn, Das hammer langsam satt. Voll Hoffnung guck mer uff dich hin, Das musste fermlich schbiern. Los, leech uns sonnche Daache hin! Mir zabbeln uffs Schbaziern.",,https://www.sachsen-lese.de/streifzuege/mundartliches/an-dn-mai/,2026-07-10,Lene Voigt,Leipzig,,poetry,361
49,"April is, draußen scheint de Sonn doch når e paar Aagnblick do komme schu wieder de Wolke reingezugn on schiebn de Sonn zerück. Der Storm saust über de Wiesen hi, of Berg on Wälder zu; heilt wie e Kind, reßt aus geschwind on wieder is draußen Ruh. Of aamol regnt 's ven Himmel wie mit Ranne, wos nær ka, do zwängt de Sonn sich wieder dorch, on's gieht ven neie a. Ja 's liebe Laabn is aah e su, ball Regn, ball Sonneschei, eheming der Mai in Herz neikömmt, is 's liebe Laabn vorbei!",,https://www.sachsen-lese.de/streifzuege/mundartliches/april/,2026-07-10,Anton Günther,,,poetry,482
50,"Sinst hoot‘s din dr Schulstu när e aanzige Wandtoafel gebn. Ober itze, do sei de ganzen Wänd rundsrim drmiet ausgestaffiert, aß dr Lehrer ne klann Abc-Schützen alles megliche oamoln koa. He, dorte aah emoll. Aß siech nu dr Lehrer mit dr Kreide net esue sei Hobitel eisauliert, eh‘r oa ze molern fängt, langt‘r ven Nogel sann weißen Kittel roh un zeiht ne über sei Hobitel drüber. Do spannt sue e klaaner, gescheiter Borbis, stießt noocher sann Banknachber oa un sogt: „He, pass auf Ottel, itze kriegn mer de Hoar geschnieten!“ Wie de Klann nei dr Schul kumme sei, haben se noch kaa Sitzflaasch gehatten, und aah ihre Plappermailer wotten kaa Minut stillstiehe bleibn. Sue hoot halt die klaane Bande enn reichling Töbes gemacht. Do maanet dr Schulmaaster, wie se wieder emoll arg geautert haben, se müsseten esue ruhig din dr Bank sitzen, aß mer urdntlich e Stecknodel falln härn könnt. ‘r wott doch gleich emoll sehe, ob se wuehl esue ruhig sei könnten. Mit an Schlog war dr Larm verbei, und kaans hoot noch enn Muckser getoa. Ganz stiller is geween. Do bischpert of aamoll sue e klaaner Borbis hinten aus dr letzten Bank ne Lehrer zu: „Herr Lehrer – itze kast de die Stecknodel falln loon!",,https://www.sachsen-lese.de/streifzuege/mundartliches/aus-dr-schul/,2026-07-10,Willy Rudert,,,poetry,1190
51,"Der Redner Kranz liehschd schwer danieder, Gebrochen von des Alders Machd, Sei Freind, der Musigger Garl Kunze, Sidzd an dem Grangkenbedd unn wachd. Uff eemal sahchd der Grangke leise: 'Du, Garle, mach' ne Freide mir, Unn schbiele mir zum ledzden Male Beedhovens 'Neinde' am Glavier! Das Nodenhefd liehchd dord im Bulde, Das alde, Garl, du gennsd es doch, Nimm's raus unn schbiele mir vorm Schderben den dridden Sadz der 'Neinden' noch! Nu gern! sahchd Garl, gehd hin zum Bulde, Unn hohld das gelbliche Babier: 'Ich weeß' nich, Franz ob's noch wärd gehen, Ich hab' die Brille nich bei mir!' - Er sedzd sich hin, fängd an ze schbielen, Die schwachen Oogen dichd am Bladd; Der Franz heerd zu in sel'ger Ahndachd, Den alden Gobb im Gissen madd. Nach eener Weile schbrichd er flisdernd: 'Ich weeß nich, Garle, liehchd's an mir? Das glingd mir alles heid so fremde, Was schpielsd'n du uff'm Glavier?' Der Garl heerd uff, guggd in die Noden: 'Ne wahr? Ich hawe's ooch gefiehld, Im Hefd sinn so viel Fliegendregger, Die haw' ich, gloob' ich, midgeschbield!'",,https://www.sachsen-lese.de/streifzuege/mundartliches/beedhoven/,2026-07-10,Robert Zimmermann - Säk‘sches Gemiese,Leipzig,<1936,poetry,1050
52,"Do hot mir emol dr Ullmann-Paul ä schiens Ding erzöhlt. Wie domols is Krematorium aufkam, do hot dos bei die Leit, die ernst un genau an Bibelwort glaabn, en grußen Aufruhr gaabn, wall‘s doch haaßt, doss dr Mensch nooch senn Tud leibhaftig wieder auferstieht. Ober wenn‘r verbrannt werd, wos is dä nocherts? Do soßn nu in dr Zwäntz e paar alte Leit zum Feierobnd of dr Bank un tatn sich dodrüber unnerhalten. Dr Enten-Korl hatt sich verbrenne lossen. Do gung no dos Reden hi un haar. Dr Tav saat: „Nu, mit dann Verbrenne, dos is gar kaa urachte Sach. Do is allis mit aamol erledigt, un dos weng Asch lässt sich leichter aufhebn wie die vieln Knochen.“ Do war ober sei Freind ganz erbost un saat: „Du kasst dich ja su neimodisch verbrenne lossen. Iech, iech loss mich begrobn, su wie iech‘s von klaa auf gewähnt bi.“",,https://www.sachsen-lese.de/streifzuege/mundartliches/begrobn-oder-verbrenne/,2026-07-10,,,,poetry,815
53,"Dr Michel-Arnst-Bauer war mei-Tog ä Pachhengst. Fieng 'r wos a', wu werklich ä jeder dacht't s' müsst gih' - patsch!! . . machet 'r wos Dumms drquaar, un r' war wieder off 'n alten Flack un hot's zu Nischt gebracht. Do war' ne ganz u'vermut' ä paar Hunnert Toler vun eener Aarbschaft zugefall'n - zwee Tog' drauf rührt 'n dr Schlog. - Dr Horn-Bauer ladt Stange bei sich o', un dr alte Braatschneider kimmt drzu un drzöhlt s' n'. Do sprachen se un äsu vun Michel-Arnst-Bauer. ,Nää, suwos! sogt dr Horn-Bauer un schüttelt mit senn graa'n Kopp, «itze, wu s' nu su weit war, wu 'r ä bissel raus kumme kunnt' - do starbt'r!» «Nu», meenet dr Braatschneider drauf, «bei dann sei mr 'sch gewuhnt. Müss daar 'sch net schu mannigmol su gemach hoom!»",,https://www.sachsen-lese.de/streifzuege/mundartliches/bei-dann-sei-mrsch-gewuhnt/,2026-07-10,Anekdoten und Gedichte - Annaberg 1904,Annaberg,1904,poetry,739
54,"Nu Gung, gih in de Kammer nauf Un hul das Weihnachtszeig, Dos kimmt dann in de Eck do nauf, Do sei mr doch su reich. Dr Gung zieht seine Filzschuh â Un ging emol do nauf Un bringt â mit dann grußen Mâ. Un stellt‘n off de Ecke nauf. Un schiene Mannle, gruß un kla, Die bringt‘r â mit ra, Un Weiwle, Bargmannle â. Die sieht doch gar ze schine â. Wenn die Ecke fertig ist Na Gung, ‘ne Engel gibste â E grußes schins Licht. Die annern steckt doch auf mei Frau, Die is dodrauf drpicht. Na, un brenn de Lichter â Un â dös feine Schach (= Bergwerk) Un steck nur fei dann grußen Mâ Doch â sei schine Pfaff (= Pfeife).",,https://www.sachsen-lese.de/streifzuege/mundartliches/beim-aufbau-der-christecke/,2026-07-10,Ernst John,Annaberg,,poetry,609
55,"Schon wehd ä lindes Liftchen mir um de Nahse. Wie ehn so‘n Friehlingsdiftchen bringt in Eggstahse! Un gleene griene Bläddchen ziehrn Strauch un Beime, de Sonne feikst im Schtädtchen in alle Reime. De Briehmeln un de Veilchen, die gommen wieder, un’s dauert bloß ä Weilchen, da blieht der Flieder! Nu will ich mit Behagen än Bummel machen - un hin ins Leihhaus drahgen de Wintersachen.",,https://www.sachsen-lese.de/streifzuege/mundartliches/bemmchens-friehlingsliehd/,2026-07-10,Lene Voigt,Leipzig,1914,poetry,384
56,"Zu Neijahr hatt'ch mer vorgenomm, De Daache alle, wiese gomm, Zu gondrolliern druff, obse nich 'ne gleene Freide hamm fier mich. Un wärklich, änne Gleenichgeet Zum Frei'n gab's bei mir jederzeet. Jn mein Galänder malte ich Drum unter jeden Daach ä Schtrich. Un wie nu's Jahr zu Ende war, da zählt' ich deitlich, zählt' ich glar Dreihundertfinfunsächzichs Freiden (Dadsächlich, ich bin zu beneiden.)",,https://www.sachsen-lese.de/streifzuege/mundartliches/beschauliche-bilanz/,2026-07-10,Lene Voigt,Leipzig,,poetry,398
57,"Grü is dr Haselstrauch, Knösple sei rut. Lieb, wenn se richtig is, hält bis in Tud! Grü is dr Wiesengrund, Blümle sei blau - doß de mir trei verblebbst, waß ich genau. Grü is es Schwarzbeerlaab, schwarz sei de Beer - ach, wenn bei Lieb un Trei ’s Starm nimmer wär! Grü is dr Fichtenbaam, weiß is dr Schnee - wenn dich die Schatz verläßt, ach, dos tut weh!",,https://www.sachsen-lese.de/streifzuege/mundartliches/bluehe-un-welken/,2026-07-10,Hans Siegert,,,poetry,355
58,"„Himmel nah de Wänd!“ sue hot dr Geger vun Schnobelsreith scha seit verze Togn geflucht und gewettert. Sue oft‘r naus Holz kam, immer wieder hatten se ne e paar Tännle – und allemol de schännsten – weggeschnieten. Wue leichter drzu ze kumme war, aß de Baamle uhscheinlich wurn warn. Ober wos hatt‘s ne denn genützt? De Spitzbubn kletterten nu drfür nauf de grueßen Baamer und schnieten vun dene - ‘s war waßsettersch e wahre Sünd – de Giebel ro. Ach, när ann, när ann, wenn‘r emol derwischen könnt! Himmel nah de Wänd! Der sett drah glaabn müssen. Himmel nah de Wänd! När ann! Die Racker vun Spitzbubn mußten doch gerodzu wissen, wenn‘r nausgahng. Die mußten ne doch beabsolviern Tog e Nacht, af Schriet e Triet. Gott in Himmel, sue e Ärger!     Endlich hot‘r emol Glück. Vun weiten siehet‘r enn Kerl dorte in ne Stangenholz stiehe und waßsettersch druebn af‘r huehng, huehng Tann noch ann, noch sue enn Dinkerts. Stracks macht‘r drauf zu. Eh‘r ober bis nah is, hot ne der kerl unten aah weiskriegt, tutt en Pfietscher und kimmt nochert wie in gröss‘ter Fraad af man Geger zu. „Gott sei Lueb und Dank“, sogt‘r, „endlich kimmt e Mensch, endlich kriegn mer Hilf.“  „Wos machen Sie denn dohierte?“ fregt der Geger streng. „Ach Gott, iech und mei Freind, dr Edeward, mir wotten af de Heftelmühl, wotten uns Mehl bestelln af de Feiertog zen Backen:und nu sei mer do in den Wald neigeroten und haben uns verloffen und wissen kann Ausweg. Sie sei unner Rettingsengel. Gott, ach Gott, wenn‘s nu Nacht worn wär und mer hätten uns net zurechtgefunne. Mer hätten derfriern müssen alle beede, wie mer sei! Sie sei unner guter Engel!“  „Wos macht‘n der dort af dr Tann?“ fregt dr Geger noch e wing strenger. „Nu, des is ebn dr Edeward, mei Freind. Den ho ich doch donaufgeschickt. ‚Edeward‘ ho iech gesogt, du bist e wing gelambiger af ne Bannen wie iech, steig ner emol donauf af den Baam und schau dich im, ob de net irgendwue e Dorf oder e Haus oder enn Kerchtorm sehe kast, aß mer uns bekenne und wissen, wue mer sei. Mer kumme sinst in unnern Lebn nimmer hamm.“  „Koarl“, rief‘s itze wie zer Bekräftiging vum Baam ro. „Koarl, iech ka dr fei nischt sehe, nischt wie Baamer und Baamer.“ „Kumm när ro“, rieft‘r zen Koarl nauf, „dr liebe Gott hot enn Engel geschickt, der uns ne Weg weist! Gelle, Harr Farschter, Sie sei sue gut und helfen uns in unnern Malär?“  Und wie dr Edeward vum Baam ro geklettert is, do sterzt der aah af ne Geger und hält ne de Händ hie und sogt in alln Eifer: „Ach, ich waß net, wie ich Ihne danken soll, Harr Farschter! Ach, ho ich e Angst ausgestanne! Ach, mei Fraa und meine arme Kinner, wenn iech dorhierte hätt ümkumme müssen! Gelle, Sie seie sue gut und sogn uns, wie mer do aus dem Holz nauskumme!“  Wos wott dr Geger machen? ‘r giehet mit ihne beis nah ne Weg, wu se sich bekenne. Hunnertmol bedanken sich de Halunken noch. Dr Geger ober flucht und wettert be siech: „Iech Brummochs, kunnt ich net e wing sachterer machen, aß ich zwee Minuten speter hikumme wär, aß se drweile ‘s Baamel ohgeschnieten gehatten hätten! Die ohgefeimten Halunken, die! Wie wern se itze fer siech lachen über den alten Iesel, vun den se siech aah noch ne Weg weisen lossen. Himmel nah de Wänd! Na, ihr laaft mr scha noch emol neis Garn. Noochert genad eich Gott! Himmel nah de Wänd!“",,https://www.sachsen-lese.de/streifzuege/mundartliches/christbaammauser/,2026-07-10,Louis Riedel,,,poetry,3285
59,"'s war in Novemmer. Schnee log noch kaaner, ober alla Tog' gob's  daarm Frost, un draußen 'rim war'n alla Baam un Baamle a'gereimelt vun vieln Naabel, dann's egal gob.  In settiger Zeit, wu 's 'n ganzen Tog meh' finster als hall is, gefällt 's enn in dr warma Stub' an besten. Un kimmt mr in's  Wertshaus, do is gemaangtlich eitel Lust un Spaß, un is gerod, als wollten da Leit' s Geengtaal vun Watter zammrichten. Asu war'sch aah ball alle Ohmd bun alten Zappen, wie daar senn Raah'schank*  hatt'.  s' Bier war gut un aah a Haufen lustiga Gäst war'n egal do. Wenn a neier 'rei' kam, hot 'r gemaangtlich über da grausame Kält' geklogt, sich awink an Ufen drwärmt un drnoochert enn Platz aufgesucht.  Dr Ufen war gruß, in ena Zwischenmauer 'nei' gesetzt un musst' Stub' un Stübel drwärma.  Feiering un Ufenrähr' war draußen in Stübel.  Da Tür' do 'naus war egal auf. Wie sa nu do ihre Schnoken un Straach' sich drzöhlt hatten, gahng zrletzt aaner noong annern fort. Neer da vier Schofkoppspieler macheten noch a paarmol 'rim. Draußen hatt' sich a Wind drhuum un  mr spüret 's an dr Stuumtür', wie 's kalt 'rei' pfiff. “Traugott, mach' dei' Haustür' zu, 's werd kalt an da Füss'!""""  Daar giht aah ge1ei' 'naus, ober aamsu geschwind kimmt 'r wieder.  “Dunner-Regement!  sa hoom mr da Haustür' wackgetroong!"""" schreit dr Zappen. Alla lachen un renna 'naus. Sa war wack. In ganzen Haus wur' gesucht, ober 's war kaa' Haustür' za finden. Latarrn wur'n a'gezünd' un off da Gassen un Stroßen 'rimgesucht... immasist. Dr Zappen musst'  da Kammertür' 'na' laahne'  un hot drweil da Schnitzbank 'na'gestemmt. Früh  imma Achta 'rim stahnden a Haufen Schulgunga un -maad' Markbrunna 'rim un schriern:“Do drinna schwimmt a Haustür 'rim!""""  A  Nachbarschgung' loff za geleing Benna zum Zappen un hot' n gehuult. Daar war fruh, doss sei' Haustür' wieder do war un saht' bun 'Rauszieh'  aamol über 'sch annera:“Vermoledeita dumma Gunga-Straach'!""""",,https://www.sachsen-lese.de/streifzuege/mundartliches/da-haustuer-in-wasserbottich/,2026-07-10,Christian Friedrich Röder,Annaberg,1904,poetry,1930
60,"Heit is der Heilge Obnd ihr Mad, kummt rei, mir gießen Blei! Fritz, laaf geschwind zur Hannelies, se söll beizeiten rei. Mer hobn ne Lechter agebrannt, satt nauf, ihr Mad, die Pracht! Do drübn bei eich is aa racht schie, ihr hatt a Sau geschlacht. Ich ho mer aa a Lichtel kaaft für zweeazwanzig Pfeng, gieh, Hanne, hul a Tippel rei, dr Lechter is zu eng. Kahrl, zünd a Weihrichkarzel a, doß nooch Weihnachten riecht, un stell‘s nær of dosScharbel dort, dos unnern Ufen leit. Lott, dorten uf der Hühnersteig, do liegt menn Lob sei Blei, ober rafel net ze sehr dermiet, sist ward der Krinerts schei. ´s Masvolk hot sei Frad an wos, sei‘s aa an wos es will, mei Vater hot‘s an Vugelstelln, der Kahrl, der hot‘s an Spiel. Ich gieß fei erscht; wan krieg ich dä? - Saat har, en Zwackenschmied! De Karlin‘ lacht, die denkt wuhl gar, ich mag ihrn Richter-Fried. Mir hobn aa sachse Butterstolln, su lang wie de Ufenbank, un wenn mer die zamm gessen hobn, do sei mir alle krank. Mir hobn aa Neinerla gekocht, aa Worscht un Sauerkraut; mei Mutter hot sich ageplogt, die alte gute Haut. Fritz, brock de Sammelmillich ei, nasch ober net dervu! Ihr Gunge warft kenn Raspel * ro ins Heilig-Obnd-Struh! War gieht do übern Schwammetopp? Nu, Henner, härschde net? Wenn nær der Vater kumme wärd , do mußte geleich ins Bett. Na, horch når mol in Ufentopp, dos Rumpeln un dos Geign! Na, wenn‘s nær noch winseln tut, denn siest bedett‘s noch Leichn. An Heilig-Obnd im Mitternacht, do läft statts Wasser Wein, wenn iech mich når net farchten tät, ich hult en Topp vull rei. Ihr Kinner, geht ins Bett nu nauf, der Sager zeigt schu as! Ob mir Weihnachten wieder derlabn? Wie Gott will, su geschahs!",,https://www.sachsen-lese.de/streifzuege/mundartliches/das-heilig-obnd-lied/,2026-07-10,Johanne Amalie von Elterlein,,,poetry,1673
61,"In ener Gneibe sizd gemiedlich E Droschgengudscheer bei sein Biere. Sein Droschgengaul schdehsd mid'n Wahchen Gans friedlich draußen vor der Diere.- Da gommd uff emal uffgerehchd E gleener Junge reingefehchd Unn brillsd, daß m'rs heerd dorch's gansse Logal: »Herr Gudschserl gommen'se fix emal! Mit Ihren Färde is was bassierd, Das fiel äm um wie von Schlahche geriehrd!« - Da schbringd der Gudscheer uff unn meend: »Lausejunge! Du hasd dich wohl drahngelehnd?«",,https://www.sachsen-lese.de/streifzuege/mundartliches/das-schdargge-faerd/,2026-07-10,Robert Zimmermann - Säk‘sches Gemiese,,<1936,poetry,461
62,"Du Ficht ofn Fels, verknöchert, verwiemert wie Sta, siehst wie a Denkmol huchdrubn, su stolz un su raa. Hälst treie Wacht, trotz schlachten Watter un Wind, in Eis un Schnee, wenn rauer Winter rakimmt. Als Wärter guckst de weit über ne Wald, dr Vugelgesang vun unten naufschallt. Dir jubelt allis freidig un dankbar nauf, Dei Ablick weckt in jeden a Harzenslust auf. Su wie de Ficht gewachsen, su huch un su frei, su söll der Arzgebirger im Harzen aa sei. De Wurzeln tief un stark in Ardsbuden treibn, der Hamitscholl in Trei sich ewig verschreibn. Wie de Fichte ne Felsen su eng ümfängt un fest un zäh sich immer höcher nauf drängt, su söll de Lieb in unnern harrlichen Gebirg gefördert warn, die Harz un Gemüt in sich birgt. Fall net gleich üm, wenn der Wind a bissel mol gieht. Stieh felsenfest, wenn de Sorg ins Stübel eizieht. Mach‘s wie de Ficht, huchdrubn of windiger Höh, die eitel stieht im Sturm, Gewitter un Schnee. Sei darb un wahr, wie de ganz alte Ficht, die ihre Nahring aus‘n Felsen bluß kriegt. Sei immer standhaft, tief verwurzelt un fest, dos is fürn Arzgebirger ewig das Best.",,https://www.sachsen-lese.de/streifzuege/mundartliches/de-ficht-ofn-fels/,2026-07-10,Albert Schädlich,,,poetry,1095
63,"De Gläser-Minel war als gunges Ding bei aaner Wittfraa in Schwarzenbarg, die de drauf sohch, doß se ihre paar Pfeng zammhaltet un, wenn se wos überlaa hatt, geleich ofs Rothaus nei dr Sparkasse troget. Wie se noochends älter wur un‘s erschte Mol ne Tanz gang, hatt se sich staatlich agezugn, Patterle aufgenöht un Schlaafen agesteckt, su doß se salberscht ihr Frahd über ihr Gedinglich hatt. Drüm stellet se sich aah of‘n Tanzbuden braatbaanet hi, doß se alle saah kunnten. Ne annern Morgn fröget de Fraa, wie es gewaast wär un ob se aah emol miet getanzt hätt. Do sat se: „Schie war‘sch, ober getanzt hob ich net.“ „Nu, is kaaner kumme?“ saat de Fraa. „Eiju, e ganze Hetz gunger Bossen kame. Ich wollt mer oder doch mei schiens Zeig net zerknietschen lossen, drüm sat ich zu se: ‚Net agreifen! - När besaah!‘ “",,https://www.sachsen-lese.de/streifzuege/mundartliches/de-glaeser-minel/,2026-07-10,,,1901,poetry,811
64,"""Dr alte Kleber hot mit Strueh, Erdepfeln, Holz, nu, überhaupt mit alln miegling Schockteifelszeig gehannelt. Emol, kurz vur Weihnachten, begegnt’r ne Barthels August. Der hot dübn ben Schnorrsch handgestickt un fregt ne Kleber, ob’r ne net af de Feiertog enn Gahsbecht versorgn kännt. „Eijo“, hot dr Kleber gesogt, „den kast de scha kriegn.“ „Ober recht fett, gelle? Un gung! Nu, de waßt scha.“ „Loß miech när machen!“ Und dr August hot aah sei Gahs kriegt. Schie grüß und aah net ze teier. Un Fett log uebndrauf wie dr Schmer vun erer gungen Sau. Und ne August is scha urdntlich ’s Wasser dinne Maul zammgeloffen, wie’r drahgedacht hot, wos dös nu fer e Feiertog de Gahs zugesetzt hot, hot ze ihrn Mah gesogt: „Du, August, ’s werd doch emende kaa alte sei? ’s kimmt mr fei ball sue vir.“ „Ge, Schof“, sogt dr Mah, „iech ho doch extersch e gunge bestellt. Und afm Kleber, do kah mer siech drauf verlossen.“ De Fraa hot ober recht gehatten. Wie se gegn Mittig mol mit dr Gabel prowiern wott, ob de Gahs nu bald miet waach is, do war’sch’r ackerat, wie wenn se nei enn alten Schaftstiefel stechen tet. Und wenn se net fix noch e weng Salzflaasch gekocht hätt, hättense gottstrahlex nix ze essen gehatten. „Inusse“, hot dr August gesogt, „tust se halt noch e weng braageln lossen, die schmeckt morgen aah.“ Ha, pfeifele! Dr Gahsbecht war aah ne zwaaten Feiertog noch zach wie Schuhleder. Erscht ne dritten gahng’s sue halweg. Nu haaßt’s doch, wenn aaner schlecht gemacht werd, do klinkt’s den dinne rechten Uhr. Nu, do muß ober ben alten Kleber fei schie gesormt haben, sue hot’n sent dr August schlecht gemacht. Alle schänn Nääme ausn zoologischen Garten hot’r ne gebn, und nu vollings, wenn’r ne när mol selber treffen wür. Ober do wott’r ne erscht de Levitten geign! Und endlich, ’s gahng ober scha sue sachte af Uestern zu, do hot’s emol geklappt. Und dr August sabelt na un sogt: „He, Kleber, kast de mr net noch sue e gunge Gahs versorgn wie ze Weihnachten?“ „Wos“, sogt do dr Kleber, „scha widder? Wart du när, bis de de erschte waach host!“",,https://www.sachsen-lese.de/streifzuege/mundartliches/de-gunge-gahs/,2026-07-10,De Neideitel,,,poetry,2046
65,"Letzte Flieche, horche mal:  Mache nich soviel Schgandal!  Habb dir zwar drei Lähm versprochen.  Genne Glabbe därf dich bochen,  Awer, dafier musste mir  Dankbar sin aös artches Dier.     Sause mir nich mit Gebrumm  Egal um de Ohrn jetzt rum!  Denn mir Menschen, weeßte, Gleene,  Hamm geen Sinn fier solche Deene.  Nee, das is uns änne Gwal.  Also merk dirsch endlich mal!",,https://www.sachsen-lese.de/streifzuege/mundartliches/de-letzte-flieche/,2026-07-10,Lene Voigt,Leipzig,,poetry,372
66,"Iech ho allen Regard vor sitten, die, wenn se mol nausgelossen sei in ene annere Gegnd un se kumme nooch enn Vertelgahr widder, blueß noch fremm sprachen un ihre Häämetsproch verlaagne un sich schame, su ze reden, wie se`s drhämm gelarnt haben. Do kimmt e Bauernschmaadel aus dr Benahmige zerück in ihr Dorf un tutt sich gruß mit lauter fremme Brocken. Se war be Berlin gewasen, kunnt när noch berlinerisch mit „mir“ un „mich“, mit „dat“ un „wat“, „varückt“ usw. Emol log dort in Huf a alter Rachen zen Grosrachne af dr Wies; un dar log, wie`s net sei sell, mitn Zinken odder Zähnen nooch ubn. Se tappt mitn Fuß an Zähnen rim un frogt de klääne Määäd: „Wie nennt man denn det Dingk hier bei euch? In Berlin heeßt man det ene Harke.“ Dodrbrei drückt de mitn Fuß aus Versah starker af de Zäh. Dr Rachen stieht auf, kriegt Schwungk, springt mitn Stiel in dr Höh un klatscht se nei de Vissage. „Ei, du verfluchter Rachen“, schimpft se wutig, „host mr ball`s Nosenbää neigehiebn!“ – Husch war`sch Vugtlännische widder do!",,https://www.sachsen-lese.de/streifzuege/mundartliches/de-muttersproch-verlarnt/,2026-07-10,Gotthold Heinrich Roth,,,poetry,1016
67,"Jch weeß nich, mir isses so gomisch  Un ärchendwas macht mich verschtimmt.  S'is meechlich, das is anadomisch,  Wie das ähmd beim Mänschen oft gimmt. De Älwe, die bläddschert so friedlich, ä Fischgahn gommt aus dr Tschechei. Drin sitzt 'ne Familche gemiedlich, nu sinse schon an dr Bastei. Un ohm uffn Bärche, nu gugge, da gämmmt sich ä Freilein ihrn Zobb. Se schtriecheltn glatt hibbsch mit Schbugge, dann schtäcktsn als Gauz uffn Gobb. Dr Vader da unten im Gahne glotzt nuff bei das Weib gans entzickt. De Mudder meent draurich: ""Ich ahne, die macht unsern Babbah verrickt."" Nu fängt die da ohm uffn Fälsen zu sing ooch noch an ä Gubbleh. Dr Vader im Gahn dud sich wälsen vor Lachen un jodelt: ,,Juchheh !"" ,,Bis schtille"", schreit ängstlich Ottilche. Schon gibbelt gans forchtbar dr Gahn, un blätzlich versinkt de Familche . . . Nee, Freilein, was hamse gedan!",,https://www.sachsen-lese.de/streifzuege/mundartliches/de-saeksche-lorelei/,2026-07-10,Lene Voigt - Säk'sche Balladen,Leipzig,<1936,poetry,863
68,"Wenn de Fichten ihre Spitzen krieng - weiß un rot un grün, wenn zum Himmel nauf de Lering* flieng in der Herrgottsfrüh; Wenn in Wald der schlaue Kuckuck schreit voller Lust un Lieb, wenn de Bossen** ginne off der Freit’ haamlich wie a Dieb; Wenn der Gager junge Fichten pflanzt stattlich in der Reih, wenn der Rehbock dreist üms Weibel tanzt uhne Angst un Schei; Wenn vun Himmel lacht der Sunnestrohl über Land un Leit - noochert bret’t *** sich über Barg un Tol allerschönste Zeit.",,https://www.sachsen-lese.de/streifzuege/mundartliches/de-schoennste-zeit/,2026-07-10,Hans Siegert - Ernstes und Heiteres aus dem Erzgebirge,Erzgebirge,,poetry,482
69,"Dr Meinels Lob vun Stagrü, e alter Webermaaster, war kaa Dummer. ‘r hot viel gelesen und, wenn‘r in sann Wärkstuhl saz, drüber noochgedacht und sinniert. Dr Pfarrner und dr Lehrer haben siech gern mit ne unnerhalten und siech oft gewunnert, wue dr Lob seine Kenntnis her heet. Aß‘r oft aah bissig sei kunnt und manichsmol ann, af den‘r enn Pieck hatt, ordentlich ausgestraaft hot, des war in Dorf und in der ganzen Imgegnd bekannt. Nebnbei gesogt, ‘r hot fer sei Lebn gern geschnupft. Emol is‘r in Nachbersteedtel aufm Amtsgericht als Zeig virgeloden gewesen. De Verhannling is in schänsten Gang. Dr Lob werd aufgerufen, sogt – wie‘r vereidigt war – sei Sach aus und nimmt noochert, wie‘r ‘sch esue gewähnt is, aus seiner Schnupftobakdues e Pris. Des gang nu net ganz ahne Geraisch oh, und mer heet‘s in ne ganzen Saal gehärt, wie dr Lob die net ganz klaane Portiah Tobak hinnergezuen hot. Dr Amtsvirstand runzelt de Stärr und gibbt ne Lob ze verstiehe, aß siech sue wos vur Gericht net schicken teet. Do schaut mei Lob ne Amtsrichter ah und sogt: “Herr Amtsvirstand, iech ho scha in besserer Gesellschaft geschnupft.” De Leit, de wos dorte warn, mussten ah siech halten, aß se net rausgeplatzt sei. Ne Lob ober hot dar Spaß e paar Mark Ordningsstrof eigetrogn. ‘r heet sich ober watter nix draus gemacht und dodorch net as dr Ruh brenge lossen. ‘r war ebn – wie mer esue sogt – e Philesueph.",,https://www.sachsen-lese.de/streifzuege/mundartliches/de-teire-pris/,2026-07-10,De Neideitel,,,poetry,1392
70,"I. Jn Winter, wenn's oft störmt un schneit,  wenn's wattern tut wie net gescheit,  wenn's Windwehe schmeßt bis ans Fanster ra,  deß mer oft net naussah ka,  un is's derzu racht pfarisch kalt,  deß mer kann Hund nausstußen  tut; ja do is's an schönnsten of der Ufnbank,  wenn is Pfeifel brennt, werd de Zeit net lang,  wenn is Feie prasselt, is's in Stübel warm,  do ka's wattern, deß Gott derbarm.   2. Un wenn mer obnd oft hutzen giet,  do is mer fruh, wenn mer 's Heisel sieht,  mer muß oft woten bis an de Knie,  ober 's is waß Gott, ganz schie.  Un kömmt mer nort ins Stübel nei,  haßt's ,,Willkomme, namm när Platz,  komm setz dich mit of der Ufenbank,  zünd a Pfeifel a, werd die Zeit net lang,  wenn is Feier prasselt, is's in Stübel warm,  do ka's wattern, deß Gott derbarm. 3. Un sitzt mer nort racht schie besamm,  do is Gemütlichkeit un Labn,  do werd derzehlt un Hetz gemacht   bis oft nooch Mitternacht.  Der Kaffeetopp stieht in der Rähr,  war will, dar schöppt sich ei,  un do setzt mer sich haltof der Ufenbank,  denn ben Kaffeetopp werd de Zeit net lang,  wenn is Feier prasselt, is's in Stübel warm,  do ka´s wattern, deß Gott erbarm. 4. Hot aner oft racht weit ze gieh,  do muß mer in«Winter viel ausstieh,  do zwickt's in de Händ un in de Ohr'n,  un der Bart is eingefrorn.  Oder kömmt mer ham, werd sich ausgezugn,  ne Schnee dan stampt mer o.  Udo setzt mer sich halt of der Ufenbank,  denn ben Kaffeetop  werd de Zeit net lang,  wenn is Feier prasselt, is's in Stübel warm,  do ka's wattern, deß Gott derbarm.     5. De Ufenbank die is aa gut,  wenn's derham amolgewittern tut,  wenn de Fraa zankt un net aufhärn will,  is der Ma ganz afach still.  Ar sogt gar nischt un denkt derbei:  Die härt schu wieder auf.  Er setzt sich halt of dUfenbank,  zünd't a Pfeifel a, werd de Zeit net lang,  wenn is Feier prasselt is's in Stübel warm,  ka se brumm,  deß Gott derbarm.     6. Un is mer in der Fremd, uje,  do sieht mer oft ka bissel Schnee,  vun Gemütlichkeit is aa ka Red,  un is Hutzengieh kennt mer net.  Do denkt mer freilich masnnigsmol,  is mer su a mutterl:  Ach wie schie is's derhamof der Ufenbank,  wenn is Pfeifel brennt, werd de Zeit net lang,  wenn is Feier prasselt is's in Stübel warm,     do ka's wattern, deß Gott derbarm.     7. Of der Walt do is schu immer asu,  do streiten de Leit, un hab'n ka Ruh,  a jeder will wos Bessersch sei  un bild't sich en Stiefel ei.  Do is's an besten, mer nimmt sei Pfeif  un lacht sich när ans derzu,  denn an schönnsten is's of der Ufenbank,  wenn is Pfeifel brennt, werd de Zeit net lang,  wenn is Feier prasselt is's in Stübel warm,  do ka's wattern, deß Gott derbarm.",,https://www.sachsen-lese.de/streifzuege/mundartliches/de-ufenbank/,2026-07-10,Anton Günther,Erzgebirge,1901,poetry,2645
71,"Uff eener Fußduhr durch‘s Gebärge  Da gahm ich mal vom Loofen madd,  Mid Hunger un mid Dorschd in Leiwe  In‘s Gasdhof einer gleenen Schdadt.   Ich saß fasd eene Värdelschdunde,  Doch ließ sich geene Seele sehn,  Ich rief unn horchde, ganz vergeblich,  Verärgerd wolld‘ ich widder gehen.   Da gahm in Ladschen, ganz gemiedlich,  E äldrer Mann zur Dhiere rein,  Mid eener großen, blauen Schärze,  Ich dachde: ´s wärd der Hausgnechd sein.   „Sieh!“ sahchd ich, ziemlich uhngehalten,  „gerade wolld‘ ich wieder naus!  Was iss‘n das hier for ´ne Wärdschafd?  Wer iss‘n hier der Herr im Haus?“   „Der Herr im Hause“, saachd der Alde,  Unn ward vor Schdolz unn Freide rod:  „Bin ich jezd! Denn seid vor‘schen Monad  Is meine guhde Alde dod!“",,https://www.sachsen-lese.de/streifzuege/mundartliches/der-herr-im-hause/,2026-07-10,Robert Zimmermann - Aus Säk'sches Gemiese,Leipzig,,poetry,734
72,"Es mog fünf bis sechs Gahr har sei, do hobn se an der Kirch ne Putz ausgebessert, un bei dar Gelagnhat is der Kallich-Tav emol racht gahling ubn vun Baugerüst unten akumme. Sist hot er sich vor der Fixigkat sehr inacht genumme, wie dos abn Ehrnsach is für ne richtign Meirer. Die Sach war ganz afach. Der Tav hatt sich ubn agelahnt an ra Latt, die war locker un gob nooch, un menn Tav streichet‘s nunter, zum Gelück unten ofn Sandhaufen. Huch war dos Gerüst net, dodrüm hot‘s ne aa wetter nischt geta, ne Tav. Ober der Harr Paster, der gerod dortstand, war doch tüchtig derschrocken über das Unglück. Wie der Tav sich ober wieder of senne Ba stellet un der Harr Paster geleich en Schriet naging, hot‘r ne beruhigt un saht seelnvergnügt: „ Es is geleich üm zwölfe, ich hättt suwiesu runter gemußt.“ Speter hot‘s ne mol derwischt. Do broch a Brat vun Gerüst dorch, un drei Mann streichet‘s runter, ne Tav mit. Der Maaster hot geleich alles aufgenumme wagn der Versichering. Ne Tav betrof‘s ober net mit, dann hat‘s nischt geta, nær zwee annern. Ben Mittogassen erzöhlet‘s der Tav senner Alten: „Heit hättste bal a Leich eham kriegt! Vun Baugerüst hot‘s mich runnergehaa, aa e Meier-Lui un ne Pausch-Hard mit. Die zweea hobn sich a fei wing ausgewischt. Der Maaster hot‘s aa geleich gemaldt wagn der Unfallrente“. „Dich hot‘r net mit gemaldt?“ fröget sei Fraa. „Mir hot‘s doch nischt geta!“ „Na ja“, saht se, „wenn‘s emol wos zu verdiene gibt, do bist du natürlich net derbei!“",,https://www.sachsen-lese.de/streifzuege/mundartliches/der-kallich-tav/,2026-07-10,Albert Schädlich,,,poetry,1474
73,"A Kuckuck off an Zaune soaß, doo koam a Rajn u macht‘n noaß, Kuckuck. Derno koam wiedr Sunnenschein, dar macht‘n Kuckuck wiedr fein. Kuckuck, Kuckuck, Kuckuck, Kuckuck, Kuckuck, Kuckuck. Dar Kuckuck hubbt de Kroiz u Quar. Wu krieg‘ch ock anne Liebste har? Off emo woarn glei Dreie doo, und jede wullte senn de Froo. Do hoht‘s dann Kuckuck örscht gegraut. Ar soit: „A Nahst wörd nö gebaut! Läht ihr a fremde Nahster nei, do nahm‘ch euch alle dreie glei!",,https://www.sachsen-lese.de/streifzuege/mundartliches/der-kuckuck/,2026-07-10,,,,poetry,452
74,"Hach!"" seufzte Lieschen, ""lieber Baul -"" Un rang de gleen' ros'ch'n Hände - ""Wenn ich doch nur ä eenz'ches mal An deine Dreie gloohm gennte...!"" ""Beleid'che mich nich!"" saachte Baul Mit großer Geste; ""unerheert; Wie de nur so was saach'n gannst! De siehst, ich bin da ganz embeert!"" Un iewerhaubt...wie de nur bist...!!"" Voll Eifer sprach der junge Mann - ""Was zweifelste denn immerzu? Die andern gloohm doch alle dran...!",,https://www.sachsen-lese.de/streifzuege/mundartliches/der-treue-liebhaber/,2026-07-10,Käthe Kunze - Säk'sches Gemiese,,<1936,poetry,422
75,"Du schiene Schwammezeit, du bist de schännste Lust. Mr hot oft Glück, aa kaans, un wird darb ausgerust. Wer‘sch kennt, dan läßt‘s kaa Ruh, macht naus, eh der Tag abricht. De Gokeln allezamm sei früh ze Strich. Der Geschwulstlieb-Karl, der Schwamme-Lob, de Effer-Ros, der Ziegn-Gust mit, der Himmelhund, de Hackspaa-Christ, de Blindschleich un der Funzer-Lieb, der Schöpptopp-Franz, de Sparrgusch aa un noch zeletzt de Kögele-Fraa kriegn überol im Wald rümhar, suchn Schwamme vielerlaa. Gleich ubn an Kreizwag dra, wu‘s ofn Turm naufgieht, de Fichtle net ze gruß, de Haad an Rannel blüht, do stand a Stapilz ruh‘g drei Schritt bluß vun der Stroß, lacht unnern Fichtel raus: Eich pfeif ich wos! Der Geschwulstlieb-Karl, der Schwamme-Lob,  de Effer-Ros, der Ziegn-Gust mit,  der Himmelhund, de Hackspaa-Christ,  de Blindschleich un der Funzer-Lieb,  der Schöpptopp-Franz, de Sparrgusch aa  un noch zeletzt de Kögele-Fraa  sei allezam vorbeigelatscht  un hobn ne net gesah.   Er war ganz knüppeldick,  mit starken, weißen Stil,  mit schiener brauner Haub;  vun dar Art gibt‘s net viel.  Ar frat sich über sich,  lacht sich a alte Huck,  wie de Gokeln ümesist  sich ogehuckt.   Der Geschwulstlieb-Karl, der Schwamme-Lob,  de Effer-Ros, der Ziegn-Gust mit,  der Himmelhund, de Hackspaa-Christ,  de Blindschleich un der Funzer-Lieb,  der Schöpptopp-Franz, de Sparrgusch aa  un noch zeletzt de Kögele-Fraa  sei hammwärts aa vorbeigelatscht  un hobn ne net gesah.",,https://www.sachsen-lese.de/streifzuege/mundartliches/der-versteckte-stapilz/,2026-07-10,Albert Schädlich,,,poetry,1454
76,"S‘is mal ä Schloss gewäsen mit hibbschen Dirmchen dran, Drin hauste schtolz ä Geenich, ä färchterlicher Mann. Geen greeßern Feez där gannte, als wie sei Volk zu quäln, Däm seine beesen Daden war‘n gar nich mähr zu zähln. Trotzdäm besaß das Egel ä wunderscheenes Weib, Zum Gissen un zum Gosen ä sießer Zeitvertreib. Doch wänn ämal ä andrer hinschielte bei die Frau, Da machde glei dr Geenich ä gräßlichen Radau. Mal an ä Junimorchen, da gam ä Sängerbaar, ä Onkel un sei Näffe, wie‘s damals ieblich war. Die ridden uff zwee Färden gägg in dn Schloßhof nein, Härnachen laatschten beede zum Schbeisesaale rein. Dr Alde, där griff Deene aus seiner Harfe raus, Druff grehlde laut dr Jingling, es bäbte ‘s ganse Haus. Dr Geenichin, där zarten, schbrang von där Brillerei schon bei dr zweeten Schtrofe äs Drommelfäll entzwei. Jäh fuhr dr Färscht vom Drohne un schrie: „jetzt haltet‘s Maul! Macht, dass‘r nausgommt beede, schwingt eich uff eiern Gaul!“ Un wie die zwee schon rannten, da schmiss‘r hinterhär Mit gollernd wilden Oochen ä frisch geschliffnen Schbäär. Da sank dr arme Jingling als Leiche uff‘s Barkett, sei Härze war getroffen durch Wäste un Jackett. Noch eemal rief‘r: „Onkel!“ Das war sei letztes Wort. Dr Alde zog dn Näffen am linken Beene fort. Dann schtällt‘r sich im Hofe uffs Waschhausdach un schbrach: „Was heite ward verbrochen, zieh‘ beese Folchen nach! Gee Bliemchen soll mähr wachsen, gee Abbel hier gedeih‘n!“ Un seine Harfe faggtr ins Rächenfass tief nein. „De schtolzen Mauern gnigge gabutt dr nächste Schtorm! De ganse Bude schtärze zusamm‘ mit Dach un Dorm! De Gutschen soll‘n zerschblittern, versinken jeder Gahn. Un in ä Drimmerhaufen zerfall‘ de Geechelbahn!“ Dr Onkel hat‘s geschbrochen un also is geschähn: Gee Grautschtrunk war in Zugunft im Barke mähr zu sähn. Bloß Disteln grochen schbärlich uff sandchen Boden hin. Ä Fischbassäng noch hielt sich – doch war gee Wasser drin. Dr Däbbichglobber ragte nur einsam noch ins Land, Un sonst war alles Wieste, wo schtolz ä Schloss mal schtand. De Gällerasseln flizten uff Drimmern hin un her… Das gommt drvon, wenn Färschten so schmeißen mit‘n Schbäär.",,https://www.sachsen-lese.de/streifzuege/mundartliches/des-saengersch-fluch/,2026-07-10,"Lene Voigt, Parodie zur Ballade ""Des Sängers Fluch"" von Ludwig Uhland",Leipzig,,poetry,2123
77,"""'s zwelfgahrige Goldtechterle kam verhilln aus dr Viermittogsschul häämm, nei de hechere tat se nämlich gieh, un's wollt kä Bissen rutschen, eechal trot rsch Wasser widder nei de Aang. Dr Vater hatt gerod gute Laune, 'r hatt e Glos Bier genehmigt un war lustig iwer e gutes Geschäft, wos r eigefannelt hatt, un iwer sei Leibassen. Drim soget'r itze: „Wos is dr när, Gretel? Sprach dich aus, nooch werd drsch leichter!“ Un do krieget se Korrasche un beichtet, deß se noochmittog zr Strof widder nei dr Schul mißt, weil se ewos vun Herkules nett gewißt hett. Do wur ower dr Vater giftig un schpreißlet luus: „Wos? Waang su en alten Karl, vun dan scha lang kä Knechel meh iwerig is, do sellst du armes Dingk an dan schenn Noochmittog noch brumme? Wart', do gieh ich glei emol miet nei, ich war a glei miet brumme!“",,https://www.sachsen-lese.de/streifzuege/mundartliches/des-sei-halt-asichten/,2026-07-10,Gotthold Heinrich Roth,Greiz,,poetry,812
78,"Wenn ich a racht schiens Liedel hör, wie freit sich do mei Harz. Is hot wos wunnerbarsch an sich,, verträbt ne grüsssten Schmarz. Ich hob’s halt füür mei Labn su garn, sing frei aus voller Brust un fühl mich hubn in menn Gebörg wie der Vugel in der Luft. Inu, dös is nu su mei Labn, ka’s dä wos Schinners gabn? Dös gieht en orndlich ins Gemüt, wenn’s aa net geds verstieht. Emol wos schiens mit azesah, bin ich geschwind derbei. Un wenn’s a Buch mit Mannle is, ich reck de Nos garn nei. Ob’s draußen oder hinne is, maan ich, wenn’s näär racht schie! Am liebsten sah ich lustige Leit, do zeiht’s mich orndlich hie. Inu, dös is nu su mei Labn, ka’s dä wos Schinners gabn? Dös gieht en orndlich ins Gemüt, wenn’s aa net geds verstieht. A Pfannel Eigeschnietene, Beefietzen, Quark, Gemüs’, Beer, Götzen, Fratzen, Zwiebelassen, Wurscht, Sauerkraut un Kließ, a Tippel Kaffee, Hefenkließ, ’s Getösch loß ich aa net stieh, ich aß, wos ofn Tisch hiekimmt, weil ich kaa Zschätscher bie. Inu, dös is nu su mei Labn, ka’s dä wos Schinners gabn? Dös gieht en orndlich ins Gemüt, wenn’s aa net geds verstieht.",,https://www.sachsen-lese.de/streifzuege/mundartliches/does-is-nu-su-mei-labn/,2026-07-10,Albert Schädlich,Erzgebirge,1934,poetry,1095
79,"Heier ne Summer is de Michels Gette emol nei of Dresden gfahrn, üm ere Schwester ze besuhng, die wos dorte verheiert is. Se sei nu aa emol naus ne Zooelogischen Garten gemacht un hamm siech dorte dös Tierzeig ahgeseh. Wie se nu vur erer Wies‘ standen, wu e Lama hie- un hergespaziert is, is de Gette stieh gebliem, weil se ah de Geschicht vun Robinson gedacht hot. ´s werd nu mannicher noch net wissen, aß de Viecher die Ahgewahnet hamm, vun Zeit ze Zeit auszespucken un de  Spucke weit wegzeschleidern. Un gerood in den Aangblick, wu de Schwester zugange un Gette stiehgebliem is, speit dös Lama aus un dere gerood nei‘s Gesicht. Aß die nu ganzegar derschrocken war un siech de Lafitt miet ne Taschentüchel wie olber ohrgeriem hot, kah mr siech denken. Ganz argerliech heett se noochert ze erer Schwester gesoogt un siech derbei de Backen immer noch ohgewischt: „Dös will e Lama sei, die Sau?“",,https://www.sachsen-lese.de/streifzuege/mundartliches/does-will-e-lama-sei/,2026-07-10,Das lustige Neideitel-Buch,Plauen,1940,poetry,894
80,"Dr alte Keitel-Farschter of‘n Wilzsch-Wiesenhaus, daar war meitog ne Waldgiehern damisch hinterhaar. Neilich hot ne ober doch aaner gammerlich geargert. Wie do mei Keitel nei‘n Wald kimmt, trifft‘r ne alten Hennikkel mit ner grußen Schrutsaag draußen un frögt ne: „Na, Hennikkel, wos machst de dä do?“ Daar war ober net faag un soget geleich: „ Iech such Schwamme, Harr Farschter.“ „Un do nimmst du die gruße Schrutsaag miet?“ frögt dr Keitelwetter. Mei Hennikkel losset sich ober net irr machen un soget kurz: „Wissen se, Harr Farschter, dos macht mer, wie mer will!“",,https://www.sachsen-lese.de/streifzuege/mundartliches/dos-macht-mer-wie-mer-will/,2026-07-10,,,1905,poetry,568
81,"Guckt nur mol in a Stub wu nei, wu ofn Fansterbrat a Myrtenstöckel stieht un fei sich dächt in Harrlichkat, do frat mr sich harzinniglich über su en winzigen Baam, der sinnreich is un sicherlich viel zöhlt in unnern Labn. A Myrtenstöckel, gut gepflegt. Dös s gewiß wos schiens. Mr hot ne ganzen Winter durch im Stübele wos grüns. Es gibt ka Braut, die net ins Haar a Myrtenstöckel drückt, un aa kenn Bräut‘gam‘s ganze Gahr, dan net a Myrtenzweig schmückt. Uralter Brauch! Su muß as sei, Grü is der Hoffning gleich! Su hoffnungsvoll zieht‘s Brautpaar ei nei in sei Himmelreich. Un sieht's nort gar su weiß un grü in seiner Blütenpracht, so denkt mr, wie dr liebe Gott aa dös su schie gemacht. Ja! ´s Myrtenstöckel trägt, wenn's blüht, zwee Farbn, su wunnerschie. Aa du, mei liebes Sachsenland, trag ewig weiß un grü! A Myrtenstöckel, gut gepflegt. Dös s gewiß wos schiens. Mr hot ne ganzen Winter durch im Stübele wos grüns.",,https://www.sachsen-lese.de/streifzuege/mundartliches/dos-myrtenstoeckel/,2026-07-10,Albert Schädlich,,1934,poetry,923
82,"Ä Abbel hing am Weihnachtsboom Un dachte in sein Griebse: De goldne Nuß am Zweich da ohm, das wär mei Fall. Ich liebse. De gleene Nuß war ihrerseits Däm Abbel ooch gewoochen. Un so hat jederdorch sein Reiz Dn andern angezoochen. Se dreimten beede vor sich hin Un winschten bloß das eene: Ämal im gleichen Maachen drin Zu schtärm. Ach wär das scheene!",,https://www.sachsen-lese.de/streifzuege/mundartliches/dr-abbel-un-de-nuss/,2026-07-10,Lene Voigt,Leipzig,,poetry,350
83,"In Maßen dut dr Algohol dn allermeerschten Leiten wohl. Doch wer sei Seifchen iwerdreibt, nich ohne beese Folchen bleibt. Ganz winzche Schwibbse sin erdräächlich. Besoffenheit blamiert unsäächlich. Was mancher da schon angerichtet, hat de Garriäre glatt vernichtet. Hamm ringsum alle ooch‘ nen Affen, wärd geener uff sein Nachbar gaffen. Doch sin ganz Nichterne noch drunter, dann rutscht mr in dr Achtung nunter. Drum will dr Mensch ä Fläschchen gibben, dann mußrsch heeme solo nibben. Da merktrsch nachhär bloß alleene, wenn bletzlich wacklich wärn de Beene.",,https://www.sachsen-lese.de/streifzuege/mundartliches/dr-algohol/,2026-07-10,Lene Voigt,Leipzig,,poetry,560
84,"Es war mal ä Geenich in Dule, Där saß so bedriebt uffn Schtuhle Un schtierte ganz dees‘ch vor sich hin. Sei Härze, das bubberte bange, Mr fiehlte: där macht‘s nich mähr lange. (Wie das ähmd im Alder dud sin.) So hockt‘r nu uff dr Därasse, mit Gaffee schtand vor‘n änne Dasse, Die liebt‘r mähr wie all sei Gäld. Dänn‘s war ä Geschänk von sein Ännchen, Die soff so bro Dag zwanzich Gännchen, Drum mußt‘ se schon frieh aus dr Wäld. Dr Geenich schrach: „Wenn ich ooch schtärbe, Die Dasse gricht geener als Ärbe!“ Druff schmiß‘r se nunder ins Määr. Dann lähnt‘r sich hin an de Bristung, Un weil gar so schwär seine Ristung, Da gollert‘r brombt hinterhär.",,https://www.sachsen-lese.de/streifzuege/mundartliches/dr-geenich-in-dule/,2026-07-10,Lene Voigt,Leipzig,,poetry,649
85,"Dr Dokter Schanz war e altes Orgenal, sue e richtiger grueber Vuegtlänner, hot seine Patienten allezamm geduzt, hot se oft emol gehärig ahgeschnauzt, siech ober aah fer se aufgeopfert. ’r is überoll belibbt gewesen, wall ’r sei Sach verstanden heet. Emol kimmt ne Derektor Hopper sei Fraa ze ne in de Sprechstunn. “Nimm dr enn Stuhl“, sogt’r freindlich, “un setz dich!” “Herr Doktor“, fährt die do auf, “ich bin die Frau Direktor Hopper!” Do dreht siech dr alte Schanz langsam im, lacht se ah un sogt: “Nimm dr zwaa Stühl und setz dich!”",,https://www.sachsen-lese.de/streifzuege/mundartliches/dr-gruebe-dokter/,2026-07-10,De Neideitel,,,poetry,537
86,"Drübn in dr Muhme wuhnet vür Gahrn e Lumpenhannler. Daar hot ganz klaa angefange. Er verstand sei Fach, bracht‘s mit dr Zeit of e zweispännigs Hündgeschirr un hot noocherts sei Geschäft in Grußen betriebn. Aah in Schneebarg hatt‘r mitunner ze tun. Do fahret‘r übersch Brünnlaßgut dra dr Oberschlem vorbei. Vun Brünnlaßgut giet‘s racht schie bergei, un do hot sich dr Lumpenma allemol aufgesetzt of sei Waagele. Dos is ober doch polizeilich verbuten. Geder Stroßenwärter ka enn do azeign, wenn mr derwischt werd. Emol hatt‘r sich aah wiedr draufgericht of sei Waagele, un de Hünd loffen, wos is Zeig hielt. Wu dr Wald alle is, macht de Stroß enn gaahlinge Bugn. Un wie er esu dan Bugn rümbreschet, stand, wie aus dr Aard gewachsen, of aamol mitten of dr Stroß e Schandarm. „Halten Sie auf!“ brüllet daar un machet de Baa un de Arm braat. „Halten Sie auf!“ Daar Lumpenma war ober gottsgammerlich in Schwung un böket ner: „Heit hob ich kaa Zeit! Heit kaa ich niemand mietnamme!“",,https://www.sachsen-lese.de/streifzuege/mundartliches/dr-lumpenma/,2026-07-10,Albert Schädlich,,,poetry,975
87,"Sette Männer wie unser alter Harr Pfarrner waar'n gar net meh gebur'n, dos war ene Seel' vun enn Ma'. Wenn wu ä Wärmel off dr Stroß'  'rimloff, do hot 'r sch'ch gebückt, hot 's aufgehuum un sachte in 's Gros gesetzt oder off enn Strauch geta', doss's net zerlahtscht oder überfahrn wür'. Su gut wie 'r mit 'n Wärmeln war, war 'r aah mit'n Leiten un mit 'n Kinnern. Un wenn 'r ämol in dr Schul' kam, doss 'r saah' wollt', epp de Kinner wieder fleißig gelarnt hoom, do hot 'r sche net epper a'geblökt, doss se sammgefahrn sei, hot aah kähne biesen Aang' rausgedreht, als epp'r sche zernmärscheln wollt' - näää . . . wenn 'r kam, do hot'r mit 'n Kinnern racht freindlich un racht zutu'lich geredt - un dos war fr dr ganzen Schul' fei epper käh' Schoden. Bein allerklennsten Maadeln un Gunge war 'r ober an garnsten.  Do hot 'r mit dann mannichmol Lusten gemacht, als wär 'r salberscht noch ä sitts Gungele miet. Ober net blus vun liem Gott hot 'r mit 'n klenn Gungeln un Maadeln geredt, näää  - vun allen Mögling. 'r wusst' aah vun dann annern Zeig äwos. Ämol hot 'r mit ne vun Pfaarn geredt, un do hoom se alle su schie' geantwurt' off äjede Frog', als wie wenn äjedes ä Professer gewaasen wär', oder gar ä Pfaarknacht - ganz wie mr'sch nimmt. Drim saht' 'r zu ne: “Jtze will iech Eich aah ämol eens an de Wandtafel mol'n, ober ä racht's wild's.” Un nu fing 'r mit ne Uhr'n  a', links  uhm bei dr Wandtafel, un machet ne Kopp fartig. 's Maul sperret dos Pfaar ganz weit auf. Wie 'r fröget, fr wos dos wär', saht' Ener: dos wär' zun Lachen. Drnooch machet 'r ne Hals 'na', Do zeiget 'r off enn Klenn, wos 'r fr Haar machen söllt'; daar saht': se söllten 'naufzu hänge, dos wär' ä Ponny. Noocherscht kame de Brust un de Vorderbee' dra', mit  dann musst' 's tüchtig ansschmeißen, un dann dr Bauch un de Hinterbee'.  Un wie 'r su weit war, war'sch 'n su gange  wie dann Ma', daar in Draasden dos goldne Pfaar gemacht  hot' -  je wätter, doss'r hinner kumme war, je grässer un dicker war 'sch wur'n. Un nu bracht' 'r ne Schwanz net meh' hie'.  “Nää, suwos,” saht' 'r, ,,mr känne doch dos Pfaar net  uhne Schwanz 'rimlaafen lossen, dos giht doch net a'. Was soll iech dä do ober machen?” Jtze hatt' 'r 'n aber wos zun Roten anfgaam! Doch  ehr 'r sich imdrehe un ne Kinnern äwink verschmitzt ins Gesicht nei' guken kunnt, wie 'r  wollt', schrier ne Schmidt-Schuster sei' Klaaner hinten vir: “Do kast de enn Drack machen!”",,https://www.sachsen-lese.de/streifzuege/mundartliches/dr-pfarrner-in-dr-schul/,2026-07-10,Erich Müller,Annaberg,1904,poetry,2412
88,"Aenne ganze Menge Färschten Saß ämal in Worms beisam. Labte sich an Bier un Wärschten, Wie‘s Monarchen gerne hamm. Blätzlich rief dr Härr von Sachsen: „Nähmts nich ibel, doch mei Land - Silveradern dun‘s dorchwachsen - Is als reichstes rings begannt.“ „Silver hats schon, freilich, freilich“, Schbrach dr Rheinische Gurfärscht druff, „Doch die Wein, där schmeckt abscheilich. Meiner – ja , das is ä Suff!“ „Zankt eich nich“, schrie dr Baier, „Rauft eich liewer, ich mach mit! Ibrichens, so hibsch wie eier Land is meins uff Schritt un Tritt.“ Schließlich sachte aus sein Winkel Wärdenbärchs Färscht Aewerhard: „Eiern ganzen Reichdumsdinkel Iberdrumf‘ ch uff meine Ard. Wollt ihr mal ‘ne Reise machen, Seidr immer bange drum, Daß eich unterwächs Abachen Iberfalln un leechen um.“ Unsereener awer friedlich Schtrolcht dorch‘s Land hibsch greiz un gwär. Jeder nimmt en uff gemiedlich, Denn mr is ähmd bobulär. „Dunnerliddchen“, schrie dr Sachse, „Das därft ‘ch freilich nich risgiern, Denn da täte Reiwer Max Mich womeechlich massagriern.“ „Ich  därf‘s ooch nich“, rief dr Baier, Un de andern schimmten ein: „So ä Glick is ungeheier, Aewerhard hats greeßte Schwein!“",,https://www.sachsen-lese.de/streifzuege/mundartliches/dr-reichste-faerscht/,2026-07-10,Lene Voigt,Leipzig,,poetry,1163
89,"Nee so ä Feez! Nee so ne Freide! Mir hamm ä Schneemann uffgeschtellt da draußen in dr Dräsdner Heide, Ä ulkchern gibt‘s nich uff dr Welt. De Nase, änne halwe Riewe, Hat Winklersch Baule eingesetzt, Un Bäzolds Ottcher bracht‘ voll Liewe Noch änne Brille an zuletzt. Nee hamm mir da gefeixt im Busche! De ganze Glasse brilltes raus: „Där Schneemann sieht ja um de Gusche Genau wie unser Lährer aus!!",,https://www.sachsen-lese.de/streifzuege/mundartliches/dr-schneemann/,2026-07-10,Lene Voigt,Leipzig,,poetry,397
90,"Dr Summer is alle, de Kirmes vorbei, dr Wind weht ganz eisig, dr Winter kimmt rei. Of Falder un Walder, do liegt schu dr Schnee, schlier-weiß sieht‘s in Tol un aah drubn of dr Höh. Dos schimmert un flimmert, dos glitzert un blinkt, wenn drübn hintern Wald de Sunn niedersinkt, vun Schießberg drübn rüber dr Mond freindlich lacht. Saaht naus, dos is e Pracht! Ganz dick zieht dr Naabel durch‘n Wald, übern Staa, mr kaa wirklich kaum mit‘n Stacken durchhaa. De Baam sei beraimelt, o saaht se när a, kaa Christbaamel wirklich net schenner sei ka. Dos schimmert un flimmert, dos glitzert un blinkt, dr Wind durch geds Kalckel* ins Fansterle dringt. Wenn is Feier in Ufen racht prasselt un kracht, is in dr Stub e Pracht! Nu kimmt aah ganz sachte Weihnachten miet ra. Dr Fried schnitzt e Krippel, dr Ward, daar streicht a. Mit Bleiglanz un Goldschaam werd alls reperiert, de Puppenstub werd wieder frisch tapeziert. Dos schimmert un flimmert, dos glitzert un blinkt, dr Leimtopp läft über, dos qualmt un dos stinkt. E Kerzel zünd fix a, doß‘ wieder vermacht, is dä dos net e Pracht!",,https://www.sachsen-lese.de/streifzuege/mundartliches/dr-summer-is-alle/,2026-07-10,Otto Peuschel,,,poetry,1077
91,"Dr Rauhreif glitzert, verweht sei de Wäller, gefrurn dr Bach und dr Steg. Wie Silber fünkeln und schimmern de Feller, e Licht scheint ven Haus übern Weg. Drin Uefen prasselt und knisterfs Reisig. Do kumme de Hutzenleit. E Blosballig knietscht, drin dr Steig singt dr Zeisig - Dr Winter hoot aah sei Freid. De Kinner fahrn Schiieten und Schnieschuh duebn Hübel, mer drischt drin dr Schefs Getraa aus. Zen Heilign Ummst laaft e Drehtorm drin Stübel, dr Törk qualmt, und's Strueh raschelt daun Haus. De Raacherkarzle duften, dr Engel schwebbt nieder übern Kinnel‚ des drin dr Kripp leit, und's liebe Bornkinnel kimmt alle Goahr wieder - Dr Winter hoot aah sei Freid.",,https://www.sachsen-lese.de/streifzuege/mundartliches/dr-winter-hot-aah-sei-freid/,2026-07-10,Willy Rudert - Fichten und Fünkele,Falkenstein,1932,poetry,663
92,"Heite bin ich mal alleene Un dr Meester iwer Land. Ei härrjehses, das wärd scheene: Jetz dud zauwern meine Hand! Nu gomm här, du alder Bäsen, Riehr‘ dich flink un socke los! Ich bin ooch ä heeres Wäsen, Nich etwa dr Meester bloß. Gugge doch, schon dudr flitzen Wie ä Wiesel hin un här! Freilich, der gann ooch mal schwitzen, Ich habb‘s grade reichlich schwär. Da, schon bringtr Uffwaschwasser! So is bibbsch, mei braves Dier. Wänn dr Meester wißte, daßr Hat‘ ne Gonggurränz in mir! Na, nu is genug, mei Liewer, Häre jetz mal wieder uff! Sonst leeft noch de Wanne iwer. Hierbleim sollste, horch doch druff! Ne, da saust das dumme Luder Nochmal mit‘n Ämmer* los! Hehnischooch noch feixen dudr Um sei Holzmaul riesengroß. Himmel, ich hab‘s Wort vergässen, Wie dän Gärl mr bänd‘chen muß! Un schon säbbelt wie besässen Där uuf‘s  neie hin zum Fluß. Ach du griene Neine , `s  Wasser Schteht ä Meder hoch im Haus! Immer feichter wärds un nasser. (‘s Bäste is, ich zieh mich aus.) Hach, jetz weeß ich‘s, was ich mache: Mit‘n Beile hack‘ ich zu, Gommtr wieder, der Abache, So verschaff‘ch mr meine Ruh‘. Goddverbibbch, jetz habb‘ch geschpalten Glicklich dän Verflixten, doch Dafier habb‘ch nu zwee erhalten Un die matschen immer noch! Meester, Meester, gomm doch wieder! Ach mei liewer guder Härr! Die zwee glabbs‘chen Bäsenbrieder Iwerschwämm‘ ja schon  `s Bardärr‘. Niemals will ich wieder sind‘chen, Gomm, mei Schäff, un schprich  das Wort! Ach, ich fiehl‘s: er wärd mir gind‘chen Un zum ärschten muß ich fort.",,https://www.sachsen-lese.de/streifzuege/mundartliches/dr-zauwerlaehrling/,2026-07-10,Lene Voigt,Leipzig,,poetry,1504
93,"Jeder Lehrer ganns bestätchen, obs bei Jungs is oder Mädchen, dass de Musterschieler selten später ooch als Erschte gelten. Meerschtens bliemse Dorchschnittsware un verbrachten ihre Jahre brav in ärchend e Biro, wärchten sich dorchs Lähm nu so. Doch de mittelmäßchen Lerner, denen's Erschtesin laach ferner, glettern heifich im Berufe bis zur allerheechsten Stufe. Mit ihrn braktischen Sinne spiern se jede Schangse. Schnell gabiern se, wie's am sichersten gelingt, dass dr Mensch sich nuffwärts schwingt. Drum ihr Väter un ihr Mitter, nähmts nich schwär un nähmts nich bitter, wenn e Schulgind Jahr fier Jahr von dr Mittelsorte war.",,https://www.sachsen-lese.de/streifzuege/mundartliches/dreesdliche-aussicht/,2026-07-10,Lene Voigt,Leipzig,,poetry,633
94,"""'s Binsenteichfischen war sinst e Fest fr weit un brät, scha frih bezeiten war alles schwarz vun Leiten, kän Arweitstuhl wur ageriert, wenn die schenn Oal, Schleihe un Karpen rausgeschafft wurn. Un en Binsenteichkarpen wollt doch jeds kafen, dar hot noch emol su gut geschmeckt wie die annern. Also, do kimmt a e Mah vun Dele af Grätz un macht glei mitn ganzen Schwarm zengst n dinge no, un wie's Verkafen feder gieht, do denkt r: Wenns de när ewos mietgenumme hettst, do kennst de deiner Hanne enne Fräd machen. 'r suchet in Taschen, ower r hatt nischt miet. „Tu ne nei's Schnupptuch“, soget ärner zu ne. „Cha, deß r verdorscht un verrecken tutt – nä, su dumm bie ich nett!“ As ärner sog r, deß do un dort e Fusch nei e Tiechel gewickelt wur, do krieget r a Korrasche, hielt sei rutseidens Schnupptuch hie u luuß sich en Zweepfinder neitun, un husch – war r in de Rocktasch neigerutscht. Un - hoste net gesah – machet r ze gleing Bännen fort, niewer de Neistadt un naus zum Schießhaus. Ower in Rutentol bein ärsten Wertshaus, do hot ne de Neigier kän Ruh meh gelessen, r mußt emol drnooch gucken, ob des arme Tier noch laawet, r wollt doch seiner Hanne nett epper en verreckten Karpen auspacken, die hett ne doch schlacht macht bis an ihr End, deß ne kän Hund meh agebilln hett. 'r tutt also s Tuch viersichtig raus, linst ben Kopf uum nei: Aach, du meine Zeit, sperret des arme Viech de Gusch weit auf un schnappet nooch Luft. „'s werd allerhechste Zeit, ich war ne emol saufen lessen!“ 'r macht also na de Alster, macht ne Karpen ne Schnobel frei un tat schmunzeln: „Nu sauf dich soot, du armer Kerl –“ do – e Schnellzer – un do hatt rsch lääre Tuch in Pfuten, dr Karpen war scha in dr Mitte, „Ei, du Hund, du schlachter, des hot mr nu vun seiner mitleiding Seel!“",,https://www.sachsen-lese.de/streifzuege/mundartliches/e-karpen/,2026-07-10,Gotthold Heinrich Roth,,,poetry,1768
95,"Dinne dr Schul, do stecken de Kinner mannigsmol putzigs Zeig raus, besunnersch, wenn se net aufgepasst hamm. E Bu werd aa emol gefreegt, wenn‘r geburn wär. Do soogt der: „Dös kah iech net genau soong, ober dös waaß iech, aß iech e Sunntigskind bie; de Woch übber hot mei Mutter kaa  Zeit gehatt.“ Emol freegt dr Lehre, wieviel Sinn dr Mensch heett. Aaner gibbt dös ganz richtig ah. Wie ´rsche ober aufzöhln söll, soogt ´r: „Wahnsinn, Trübsinn, Uhsinn, Blödsinn un Stumpfsinn.“ In dr Singstunn übbt dr Lehre de Lieder miet dr Geig ei. Weil des Saaten net stimm, dreht‘r drah ne Werbeln rüm, besunnersch bi dr E-Saat. Su e klaaner Kerl beobacht‘ ne derbei un passt auf wie e Heftelmacher. Endlich kah ´r siech nimmeh halten un paltzt raus: „ De wärscht scha net ruhe, bis dr dös Ding nei dr Fress springt.“ In erer Dorfschul kunjegiert dr Lehre: Ich wasch mich – du wäscht dich – er wäscht sich – wir waschen uns – ihr wascht euch – sie waschen sich. `r freegt nooch en Gung, welliche Zeit dös wär. Do übberleegt der e wing un soogt noochert, treiharzig: „ Dös kah när ne Sunnohmd ohmst sei, Harr Lehre.“ Emol mächt dr Lehre wissen, wuher dr Tau af ne Flurne käm. Do hebbt ahner de Händ un soogt: „Die Erde dreht siech so schnell, dass sie schwitzt.“ In dr Naturgeschichtsstunn derziehlt dr Lehrere ne Kinnern vun dr Klapperschlang‘ un freegt nooch, öb ere gemand e Tier nenne kännt, den wos mr aa net traue därfet. Do gibbt a klaans Maadel zer Antwort: „Ne Klapperstorch, Freilein.“ Emol sei erngwu de Eltern verraast geweesen. Do werd‘s klaane Maadel krank, un dr Bruder muss de Enschulligung schreim. Do hett‘s dinne gehaaßen: „Meine Schwester Lotte hat zu viel Pflaumen gegessen; sie muss deshalb das Klosett hüten.“",,https://www.sachsen-lese.de/streifzuege/mundartliches/ewos-as-dr-schul/,2026-07-10,De Neideitel,Vogtland,1940,poetry,1718
96," „Nanu, Riedeln, was is denn bei Sie los? ’s hat wohl eens in dr Familiche Gebortsdaach?“  “Gebortsdaach? Nee.“  ,,Oder is amende gar änne Verlowung in Aussicht  ,,Ajia.“ Na verbibbch, Se missen doch ärchend ä besondern Anlaß drzu hamm, dasse an ä ganz gewehnlichen Middewoche Flaumguchen backen! Mei Mann hatte solchen Abbedid druff, das is alles.",,https://www.sachsen-lese.de/streifzuege/mundartliches/flaumguchen/,2026-07-10,Lene Voigt - Mir Sachsen!,Leipzig,,poetry,348
97,"Heit is Fosent, heit is Ball, heit is überoll Krawall, heit is lustig, heit is Lebn, bitte, müss mr aah wos gebn! Heit dr Nacht is Fosenacht, hoot mei Voater enn Ziegnbock geschlacht, hoot mei Mutter enn Kaffee gekocht, haben mer uns ball zeschanden gelacht. Wenn Fosent is, wenn Fosent is, do schlacht mei Voater enn Bock, do tanzt mei Mutter, do tanzt mei Mutter, do wackelt ihr dr Rock. Heit is Fosent, heit gibbt`s Kuhng, Fraa, loo mr ne kosten, iech will ne versuhng. Gebbt mr när kann schwarzen Kuhng, gebbt mr e Stückel weißn! Iech ho ne alte Fraa drhamm, die koa kann schwarzen beißen. Mer sei von Mühlhausen, mer loon uns nischt mausen, mer loon uns nischt sogn, ober e Pfanneküchel möchten mer hobn. Iech bie dr Bu ver Stützengrü, muß alle Tog när betteln giehe. Ihr guten Leit, ihr glabbt gar net, wos nei mann Sack fer Geld zamm gett!",,https://www.sachsen-lese.de/streifzuege/mundartliches/fosent-spruechle/,2026-07-10,Volksmund,,,poetry,846
98,"‘s is do haußen gepassiert af enn Dorf. Ich hob’s salber miet derlabbt. Do gieh ich zer Fostnacht gegn Ohmd in dr Duster de Stroß ie. Af äämol hör ich e Geschrei, Zetermord un e Gekreisch. Un wie’s wätter rahkimmt, do verstieh ich’s: “Halt ne auf!” - und do saust e baamlanger Dingkert af mir zu. Ich denk, ‘s is e Spitzbub odder e Mörder, un ich rammel ne entgegn. Ober dar Hollunk schlenkert mich af de Seit. ‘s hot bluß noch e Haar fefahlt, do hett ich de Stroß gemessen, wu dr Matsch an allertieffsten war. Itze kame de Verfolger drhinterhaargebattaligt, vererscht mei Freind, dr Balwier. “Lui”, rief ich, “halt ah! Dan krist de net! Wos fer e schlachter Spion war’sch denn?” “Ach, Gevatter”, sogt’r, “denk dr’sch nähr! Kimmt dar fremme Karl mit enn Kastel itze in dr Dammering nei mein Balwierloden und frogt, ob ich kääne Balwierpinsel kaaf. ‘r hett sehr wääche, ober sehr dauerhafte. Dodrbei hult’r mr’sch Kastel hie. Iech tu enn harzhaften Griff, schrei ober gerod naus, weil ich nei in viel scharfe Spitzen gefahrn bie. - do läßt dar Karl ‘s ganze Kastel falln, schreit ‘Fostnacht’ und zieht fix de Leine. Iech zünd wie dr Blitz e Streichholz ah; und wos sah ich? Denk dich nähr nei die Affäre: enn labandign Igel. He, als Balwierpinsel! Su ein Schweinigel! “Waar?” “Nu, dar Karl! - Un wenn ich den derwischt hett! Do hett’s ober geknallt!” “Bei wan?” “Nu, du willst mich wuhl aah verhohnebiebeln? Be mir doch net!” “Na, na! Sei fruh, dass de ne net drwischt host!”",,https://www.sachsen-lese.de/streifzuege/mundartliches/fostnacht/,2026-07-10,Gotthold Heinrich Roth,,,poetry,1474
99,"Wenn de Daache länger wären Un de Sonne heher schteicht Dann soll sich zum Deifel schären Wer sich da nich frehlich zeicht. Beimchen, die noch gestern gahl, Risten jetzt zum ärschten Blatt. Hat mer ooch schon fuffzichmal Das erläbt, mer gricht’s nich satt. Weht’s ooch manchmal noch recht galt, Das is bloß zum Abgewehn. Bald wärd’s Friehling mit Gewalt. Menschenginder, is das scheen!",,https://www.sachsen-lese.de/streifzuege/mundartliches/friehlingshoffnung/,2026-07-10,Lene Voigt,Leipzig,,poetry,385
100,"Nu gommt de Zeit, wo alle Leite vergniechter blinzeln nein ins Licht. De Sonne lacht so warm schon heite. De Gärtchen, die wärn vorgericht'. Wie scheen, daß in dr Middachsschtunde mer schon uff Bänken sitzen gann. Ganz rabblich hubben alle Hunde. Se märkens ähmd: dr Länz fängt an. Ahmds isses bis um sieme hälle. Dorch offne Fänster deent Musik. De ärschten Frühjahrsch-Hutmodälle dräächt hier un da schon eene schick. Im Holze dun de Finken schlaachen. Dr Wandrer macht im Frein schon glatt. Zum Leihhaus schläbbt mer mit Behaachen sein Bälz. (Das heeßt, bloß wer een hat.)",,https://www.sachsen-lese.de/streifzuege/mundartliches/friehlingslied/,2026-07-10,Lene Voigt,Leipzig,,poetry,575
101,"Draurich hocken alle wieder Vor ihrn Bulte im Biro, Uffn Schtuhl gebannt de Glieder, Die noch gärzlich frei un froh. Ach wie warsch vor värzen Daachen Noch so hährlich an dr See, Wo de Fälsenglibben raachen Un de Meefen brilln ""Juchheh !"" Oh, wie lieblich im Gebärche Laatschte mer uff Gibfeln rum, Unter sich Gerällgewärche Un dr Mutschegihe Brumm'. Ooch im wärzchen Nadelwalde Warsch so iber alles scheen. Ach, warum nur muß so balde Wieder ins Geschäft mer gehn ? Fuffzich lange Arweetswochen Gehn bis nächsten Urloob hin... Hättmer uns doch wo vergrochen, Wo mer nich zu finden sin !",,https://www.sachsen-lese.de/streifzuege/mundartliches/gatzenjammer-nachm-urloob/,2026-07-10,Lene Voigt,Leipzig,,poetry,587
102,"Lieber Gott, sei so gut, loss for de Menschen Friedn wardn un ne Friedn menschlicher. Schenk uns meh Wahrheit, meh Verstähndnis und Vertrauen unner enanner. Sorg drfür, dass de Leit nisch Urachtes machen un dr Besitz kaane urachte Leit. Setz ne Überfluss Grenzen un lass de Grenzen überflüssig warn. Lass de Staatsdiener, Geschäftsleit un Höchstverdiener, die wohltätig sei wolln, aber oft net wohltätig sei, in sich gieh un zum Gemeinwohl besser stieh. Gab net nur unserer Regierung weniger fremme Wörter, dodrfür ä bessers Deutsch, Un uns Deitschen noch ne bessere Regierung. Namm ne Weibsn ’s letzte Wort un erinn’re de Maansen an ihr erschtes. Erhalt bitte ne Arzgebirg Tradition und Kultur un ne Arzgebirger sei Haamit. Un, lieber Gortt, sorg drfür, dass mir alle emol nein Himmel kumme, aber net glei. Amen.",,https://www.sachsen-lese.de/streifzuege/mundartliches/gebet-eines-arzgebirgersch/,2026-07-10,,Erzgebirge,,poetry,813
103,"Ich bi' a Klipplmadl, dreh is Zwernsfadl, Sitz' ben Klippelsackl  álla Omd, Loss da Klipl sprenga, thu mir Liedl senga On' bi' flässich, dess der Arm oft brommt. „Friher, do hatten de Leite mehr Kinner, ihrer achte, neine, manchmol worens och zahne, soßen se mit Vodr un Mutter um 'nen weißgescheierten Tisch, drauf e ticht'ger Tupp vull Apern* geschitt' wurn. Die nohm mer glei in de Hand zen Assen, und mit en Masser toten mer a wing Quark aus der braunen Tunschissel druff, un dos hot uns geschmackt wie der feinste Broten. Flaisch kafte mer när zen Sundich e halb Pfund zen Kuchen. De ganze Woche gobs was vun Apern: 1 Kließ, Apernstickeln mit 'ner Tunk, mol Keilchen oder Brei mit brauner Zwiebel. Un zen Ohmd ganze Apern oder rauche Maad. A Haring wor eene Delikateß. De ganz alten Leit honn derzählt: Ze ihrer Zeit, do hing der Haring von der Dacke runner übern Tisch, un alle dorften se mit der Aper dronstippen, do schmackls noch was, un der Haring wure ni zu ï¬Ax alle. Se sohens mit en Schmunzeln ims Maul, un se wullten uns wuhl när a wing zen Narren mochen.  Stoot brauchten mer kee'n. Firn Summer en'n kattunenen Ruck mit 'ner Jacke un in Winter en warmes wullnes Gewandel. De Blaudruckscherz wure staf gestarkt un schien glatt gemandelt. Uf e buntes Kupptichl hielten se viel de Weibsen, un de Mannsen uf'n worms Schaaltuch. Wenn ober Hochz oder Kindtofe war, du hulten se ihr Bastes aus'n Kleederschrank: entweder a schins Wullnes oder gar e Schwarzseidiges. Dodermit seins zen Altar gangen als Brautleut, un de Mannsen suchten ihrn Braitchenruck herfir. Zu guter Letzt logen se dermit uff der Tutenbohr.",,https://www.sachsen-lese.de/streifzuege/mundartliches/geschichten-aus-der-klippl-schul/,2026-07-10,Dipl.-Päd. Ursula Brekle,,,poetry,1620
104,"Möcht ner wissen, wie‘s de Alten, wie‘s Erdepfel noch net gebn, Gahr im Gahr sue ausgehalten, wie se hiegebracht ihr Lebn. Naa, iech kah mr‘sch net dermessen, wie e Mensch verkumme kah, kaa Erdeepfele ze esssen und nix, wo mer macht drvah. Sunn- und Feiertog net kenn iech ahne sie und bie oft bies, und e Feiertog is, wenn iech ho mei halbes mannel Kließ. Und‘s is e guter Bissen, wenn se recht schie lucker sei; drei, vier Löffel Brüh, die müssen kriehng in sue e Kließel nei. Und drzu e Sauerbroten, ´s kah Schöps, aah Gänsel sei, när recht knusperig gebroten, noochert, glabbt mr‘sch, hau iech ei. Möcht när wissen, wie‘s de Alten, wie‘s Erdepfel noch net gebn, ahne Kließ haben ausgehalten, wie se hiegebracht ihr Lebn.",,https://www.sachsen-lese.de/streifzuege/mundartliches/gruegeniffte/,2026-07-10,Louis Riedel,,,poetry,724
105,"Mal war im Aerzgebärche drin gleich frieh ä wiestes Gambeln. Bis schließlich von dr gleenen Schar bloß noch Härr Harras ibrich war. Där ward nu wild vom Feind bedrängt Mit Hurra un Gebrille. Schon hattense’n fast eingeängt, Sei Färd schtand ängstlich schtille. Da drat’s dr Ridder mitn Schborn, Un heisa gings dorch Busch un Dorn. Här Harras blumst in Zschobaufluss Un schwimmt drvon mit Hochgenuss. De Feinde sin ohm angegomm Un glotzen ziemlich bleede. “Där Gär is futsch, is fortgeschwomm! Schluss mach mr mit dr Fehde.” Se sahn ganz richtch de Laache ein: Nich jeder Mänsch hat solches Schwein.",,https://www.sachsen-lese.de/streifzuege/mundartliches/harras-dr-gihne-schbringer/,2026-07-10,Lene Voigt,Leipzig,,poetry,598
106,"Se möcht net oahne Zschulle sei, ihr Moa steckt alle Goahr aans ei. Mit Millich zeiht se's auf, de Fraa, tolpatschet is noch und ganz klaa, ihr Zschulle, Zschulle, Zschulle - Und mitr Zeit, do wechst's schie roa, se hoot ihr helle Fraad när droa. de Fraa is, die's am besten kennt, und rieft se's oa, kimmt's gleich gerennt, ihr Zschulle, Zschulle, Zschulle - Und wenn's ihrn letzten Quieker macht, dr Flaascher und dr Bauer lacht, do dreht de Fraa siech sachte nim, rabbt siech e wing drin Aagnen rim, ihr Zschulle, Zschulle, Zschulle - Zwölf Staa Gewicht – handbraat dr Speck, nooch mog's scha sei, nooch hoot's scha Zweck. Wörd's Wellflaasch ober aufgetrogn, do sogt de Fraa: ""Koa kaans vertrogn"" - ihr Zschulle, Zschulle, Zschulle - Des koa sue im de Fosent sei, dr Bauer steckt e neies ei. Mit Millich zieht's wieder auf de Fraa, tolpatschet is noch und ganz klaa, ihr Zschulle, Zschulle, Zschulle -",,https://www.sachsen-lese.de/streifzuege/mundartliches/ihr-zschulle/,2026-07-10,Willy Rudert,,,poetry,904
107,"Wenn de große Hitze naht, ziehn mr ins Familchenbad. De Glamotten fliechen runter. Nein ins Wasser hubb mr munter. Dr Betrieb is oft gans doll, un dann isses iwervoll. Nimmt sich eener vor: Jetzt schwimm ich, is gee Blatz da. Ei verdimmich! Enne Oma mit Humor schluuch da neilich eenfach vor: „Los, jetzt badmer in zwee Schichten!“ So geht alles einzurichten. Nach ‘ner Viertelstunde dann warn de andern wieder dran, die inzwischen gridisierten, was de Schwimmer da vollfierten.",,https://www.sachsen-lese.de/streifzuege/mundartliches/im-familchenbad/,2026-07-10,Lene Voigt,Leipzig,,poetry,478
108,"Horaus, horaus, gieht mr immer an Wage naus. Michele (1) is vorüber, mei Vieh ka rüber un nüber, ka in Nachbars Kraut un Möhrn, ka’s der Bauer net verwehrn. Wullmer nich ball Küh austreim, wullmer nich ball Kase reim, wullmer nich ball Kuchen backen, wullmer nich ball Kirmeß machen? A’hollo! Holei, holei, treib mr denn noch nich ball ei? Ei ju, ei ju, ‘s fehlt blus noch ne eenz’ge Kuh. ‘s fehlt blus noch de bunte Schecke, die muss hinnern Zaune stecke. Wo is denn der Ziegenbuck? Der is ins Krautfeld neigehuppt.",,https://www.sachsen-lese.de/streifzuege/mundartliches/im-herbst/,2026-07-10,,,,poetry,516
109,"In Winter bei dan größten Schnee, namm ich mein Ruschelschlieten un treib dermit uf Barg un Höh‘ nær lauter lust‘ge Schwieten. Beim Birkenbaam ward abgesetzt; dos pfeift wie Leimer-Husen. Nu ward fix wieder naufgesetzt, die annern auszuklußen. Un is a Hulpert uf‘n Wag, wie muss mer do net schreie! De Bossen komme drüberwag, de Mad tu‘s runner bleie. Nu haßt‘s: De Schlieten zammgehängt! Kommt har, dos is e Fressen!- Plumps, hot‘s de ganze Rix geschwenkt; se hobn Schnee gemassen. A Färscht is, war Kunststückle ka; Bauchlegn un Kufentraten. Uff‘s Dach schafft mer senn Schlieten na, kracht runner un zerhat‘n. ´s Ruschelgie is fei gesund, dos molt en rute Backen: de Woden wachsen dick un rund, mer kennt wuhl Stöck drauf hacken. Un komm ich ham, wie is do fei, wie schmeckt‘s dan hungrigen Guschel. Obndst hupp ich in de Betten nei, un alle is – de Ruschel.",,https://www.sachsen-lese.de/streifzuege/mundartliches/in-winter-bei-dan-groessten-schnee/,2026-07-10,Bernhard Brückner,,<1939,poetry,861
110,"Bei Friehlingsluft un Sonnenschein uff Wanderschaft ins Blaue nein, wo unbegannte Ferne lockt, so is mr oft schon losgesockt. Mr denkt an gar gee Ziel drbei un fiehlt sich wie e Voochel frei. Wenn miede mal de Beene sin, dann bremst mr ab un haut sich hin. Mr streckt sich aus bei Mudder Grien, sieht iwer sich de Welkchen ziehn. Was mr zu bickern bei sich hat, dran futtert mr sich frehlich satt. Gemietlich, ohne jede Hast gehts weiter bis zur nächsten Rast. Was alles mr entdeckte so, gommt ins Erinnerungsdeboh. Das freit een mähr, als wenn gorrekt ‘nen Blan mr vorhär abgesteckt, weil allerhand uns iwerrascht, das mr uff eechne Faust erhascht.",,https://www.sachsen-lese.de/streifzuege/mundartliches/ins-blaue-nein/,2026-07-10,Lene Voigt,Leipzig,,poetry,649
111,"De Läwerworscht schafft neies Blut un dadorch Graft un Iwermut. Zur Uffmeeblung von dr Nadur macht mancher drum 'ne Läwergut. Dick Läwerworscht uffs Brot geschmiert, hat oft schon zum Erfolg gefiehrt. Nadierlich musses gude sin, nich solche mit viel Semmeln drin. Se muss direkt nach Läwer schmecken, soll se de Blutzufuhr bezwecken. Von Galb isse besonders fein, doch deligader als von Schwein. Ooch Zwieweln, Driffeln un Sardelln genn sich zur Läwerworscht geselln. Un wer se liebt mit fetten Griewen, der muss in Gassler sich vertiefen.",,https://www.sachsen-lese.de/streifzuege/mundartliches/laewerworscht/,2026-07-10,Lene Voigt,Leipzig,,poetry,539
112,"Lenore sauste ausn Bätt  Un fuhr in ihre latschen,  Denn‘s schiener, als wenn eener tät  Vorm Hause unten graatschen.     De Mudder aus dr Gammer schbrach:  „Was mährschte denn am Fänster?“  Lenore rief: „Ich guck mal nach,  Ich gloobe, ‘s gomm Geschbänster.“     „I geene Ahnung, dummes Gind.  Was so ä Mädchen schlabbert!  Im Garten draußen seifzt dr Wind  Un‘s Bodenfänster glabbbert.“     „Nee, nee, ach Mudder, ‘s muß wär nahn,  Ich färchte mich zu Dode!“  „Nimm doch ä Schlickchen Baldrian  Dort driem von dr Gommode.“     Da blätzlich heert Lenore, dass  Ihr Name wärd gerufen,  Un uff dr Dräbbe raschelt was  Un dabbt sich nuff de Schtufen.     Lenore schleicht zum Gorridor,  Ihr Härz globbt in Egstase,  Gen Himmel schteht dr Zobb ämbor,  Galkweiß is ihre Nase.     „Wär is da draußen vor dr Dier?  Welch schaurich Gast uns nahte?“  „Gomm, sießes Bubbchen, effne mir,  Bin Wilhelm, dei Soldate!“     „Du liechst! Mei Schatz där fiel bei Brag  Im Nahgamf mit ä Färde.  Sei Freind, dr Emil Donnerschlag  Grub sälwer‘n in de Ärde.“     „Ruhet ooch mei Balch am Frantischek,  Das hat nischt zu bedeiten.  De Seele schwang sich frehlich weg  Zu Baradiesesfreiden.     Drum gomm, mei Lorchen, riechle uff,  Mei Flugzeich wartet unten,  Mir gondeln jetz in Himmel nuff,  Verlähm dort sälche Schtunden.     Un jeden Frieh, eh‘s häll dud sin,  Bring ich zurick mei Schätzchen  Un leeche‘s hibbsch ins Bädde hin  Uffs irdische Schlummerblätzchen.“     Lenore schbrach: „Ich mach‘ schon mit,  Doch mußte garantieren,  Dass bei däm lutchen Himmelsritt  Mir nischt – hm – dud bassieren.“     Un mit Brobäller-Raddadda  Gings nuff ins Schterngeflimmer.  Dr Bedrus rief: „Da seidr ja!  Geht links ins zweete Zimmer.“",,https://www.sachsen-lese.de/streifzuege/mundartliches/lenore/,2026-07-10,Lene Voigt,Leipzig,,poetry,1711
113,"""Heier, wie mr den strenge Winner hatten, standen emol af dr Strooß zwaa sötte Porpis un hamm siech mietenanner unnerhalten. „Ober dös is knorke“, soogt dr aane. „Schul hamm mr kaane, weil sötte Wollhühnjer eingetroffe sei, un ze waschen braung mr uns aa nimmeh , weil bi dere Saukölt is Wasser af dr ganzen Strooß eingefrurn is. Gleich neem unnern Haus is e Wasserruhrbruch, do taue se scha seit gestern auf. Bi den harten Frost werd dös net gleich ins Geschick kumme. Naa, su schie ho iech‘s in mann ganzen Leem noch net gehatt. Maantweeng kännt dös esu lang dauern, wie‘s wott. Maanste net, Harmann?“ ""Glückseelig"" ""Heier, wie mr den strenge Winner hatten, standen emol af dr Strooß zwaa sötte Porpis un hamm siech mietenanner unnerhalten. „Wie bi meiner Fanny emol Kaffekränzel war, kümmt dr Bu nei un soogt: „Mutter, such miech nær emol oh, iech muss an Floh hamm.“ Meiner Grußen war dös natürlich kunnesal fatal, se schnauzetn ah un soogt: „Mach, daß de nauskümmst, dös is ganz bestimmt e Errtum.“ Nooch erer Weil gett de Tür widder auf, un dr klaane Tolpatsch riefet nei: „ Mutter, miech beisst fei schu widder e Errtum!“ ""´r hot siech verännert"" ""Af dr Strooß treffen siech zwah Mannsen.  Do fängt der aane ah: „Horch amol, Kort, du host diech ober verännert.“ Der schaut ne derstaunt ah un maant: „Iech haß doch gar net Kort.“ „Wos, Kort haaßt de ah nimmeh?“",,https://www.sachsen-lese.de/streifzuege/mundartliches/lustige-neideitel-geschichten-aus-dem-vogtland/,2026-07-10,De Neideitel,Vogtland,,poetry,1367
114,"Mir sin vom Wonnemond dr Gluh. Nu freilich, mir geheern drzu. De Ginder hamm uns gärne. Mir grabbeln in dn Birken rum Un gondeln ahmds mit Mordsgebrumm Um jede Waldladärne Wenn uff dr Bank ä Bäärchen sitzt, Gommt eener von uns angeflitzt Un rutscht dr Maid in Gittel. Dr Jinglink holt uns wieder raus, Da ward schon manche Ehe draus- Das is ä feines Mittel. Doch drotzdäm mir so freindlich sin, Da morden uns de Mänschen hin Un nenn’ uns änne Blaache Gäb’s uff dr Wält mähr Boesie, Dann gäm ooch fier uns Gäfervieh Ä bässres Los in Fraache.",,https://www.sachsen-lese.de/streifzuege/mundartliches/maigaeferlied/,2026-07-10,Lene Voigt,Leipzig,,poetry,540
115,"Wie gesaht, dr Zachenlob-Otto wollt immer etwas bessersch sei, er wollt ewas galten. Un do hot siech aa amol wos Schiens zugetrogn. Dr Zachenlob-Otto war of Drasend gefahrn zer ner grußen Hausbesitzer-Taging. Sei Verein hat ne als Vertrater hiegeschieckt. Weil er dan saling Tog ober net wieder eham fahrn kunnt, musst‘r in a Hotel übernachten. Nu muss sich doch a Geder, dar in a Hotel übernachten tut, ins Fremdenbuch eintrogn, Der Harr Ober bracht dos Büchel nu aa zum Zachenlob-Otto hie, doß er siech einschreibn söllt. Der Otto sieht sich de ganzen Name a, er will doch wissn, war noch do is. Of der letzten Seit hot aa aner sein Name eingeschriebn, un  darhinter stieht: M.d.R. Dos wollt der Otto nu gar zu gern wissen, wos dos bedeiten söllt, un er fröget ne Kellner dernooch. Der hot ne aa Bescheid gabn: „Das heißt: Dieser Mann ist Mitglied des Reichstages.“ „Schien Dank für der Auskunft“, saht der Otto un schrebt hinner sei Name die Buchstobn „M.d.O.“ Der Kellner hot siech dernooch den Kopp zerbrochen, wos dos haaßen könnt, dos hot‘r noch nich gehärt.  Er musst natürlich aa wissen, wos er für gruße Leit in senn Haus hot un gieht hie zen Zachenlob-Otto. Dar hot sich net zweemol frögn lassen un saht esu laut, dos mr‘sch in der ganzen Gaststub häret, un mit en Gesicht, als wär er der Amtshauptmann: „Dos haaßt: Mietglied der Ortskrankenkasse!“",,https://www.sachsen-lese.de/streifzuege/mundartliches/mdo/,2026-07-10,Albert Schädlich,,,poetry,1359
116,"Alles muß ä Weib versuchen- geene Mihe därf mer schein. Drum buk ich ä Abbelguchen in dr Giche ganz allein. Mir zur Linken in ä Näbbchen Schnitt ich Abbelschtickchen rein, Riehrte in ä Millichdäbbchen Dann ä häbbchen Hefe ein. Budder, Zugger, Mähl un Eier Haut ich voller Schwung zusamm, Gam vor Freide ganz in Feier, Daß mer was zum Gaffee hamm. Gosten daat ich wie besässen, Un eh’ ich mirsch rächt versah, Hatt’ch dn ganzen Deich gefrässen, ’s warn bloß noch de Äbbel da.",,https://www.sachsen-lese.de/streifzuege/mundartliches/mei-aerschter-abbelguchen/,2026-07-10,Lene Voigt,Leipzig,,poetry,474
117,"In ä Glase schtill un schtumm schwimmt mei Goldfisch egal rum. Manschmal schteht’r uff een Flecke, dreht de Oochen nach dr Decke, un so schtiert’r schtundenlang, daß mr um sei Lähm währd bang. Wenn ich an de Glaswand globbe, denkt’r scheinbar was im Gobbe, wackelt frehlich mitn Schwanze - awer das is freilich ’s Ganze.",,https://www.sachsen-lese.de/streifzuege/mundartliches/mei-goldfisch/,2026-07-10,Lene Voigt,Leipzig,,poetry,320
118,"Ihr geent mirsch glob‘n, ich war schon iwerallt, Ich war in Bayernlande un in Breißen; Ich hab‘ an Rheine Borgen abgemalt, Doch egal zieht‘s mich widder hin nach Meißen. Das liegt so scheen, un was gibt‘s da for Wein, Der is Sie nich so heemdiksch wie an Rhein! Un gommt mer nu in‘s hibsche, scheene Dräsen, Verdimian, ´sis wie in Baradies; Wer da noch niche, Gindersch, is gewesen, Mit den sein‘ Genntnissen, Gottschtrambach, is es mies: De säk‘sche Schweiz, is scheenste Weltgebärge, Mer gommt sich drinne vor, wie in der Gärche. Un wollt‘r äwas sähn von richt‘gen Läb‘n, Da mißter Eich ämal nach Leipz‘g bemiehn; Dagegen sin die andern Städtchen äb‘n Wie dach un Nacht, gorzum der reene Giehn! De Mächen außerdem, so sieß un liebentbrannt, Nee bist Du scheen, mei deires Saksenland!",,https://www.sachsen-lese.de/streifzuege/mundartliches/mei-scheenes-saksenland/,2026-07-10,Max Vormeyer,,,poetry,785
119,"""Dr Seifferts Lui hoot emoll Langholz ven Wald reigefoahrn. Dr Weg war ober schlecht und aufgewaacht, esue aß'r auf aamoll mit sann Hinterrod fest soß und mit sann Fuhrwark nimmer feedersch kunnt. Sue sehr'r aah mit sann Knecht zarrt und stemmt und wörgt, se haben ebn zewanner des Rod net wieder freikriegt. Do kimmt e feiner Moa ne Weg her, sann Howiet nooch kunnt's e Summerfrischler sei, blabbt stiehe, klopft mit sann Stecken naufs Rod. Jawohl, des seß fest, mannt'r und wott nu enn grüßen und enn lange Virtrog drüber halten, wie des Rod wieder freizemachen wär. „Ach wos“, sogt do dr Lui argerlich, „mit ne Maul zarrn Se des Rod aah net raus. Speie Se lieber miet nei de Händ!“",,https://www.sachsen-lese.de/streifzuege/mundartliches/mit-ne-maul-net/,2026-07-10,Willy Rudert,,,poetry,684
120,"Nu gomm‘ de ganzen Leite wieder aus Karlsbad un vom Nordseestrand. Geschtählt uffs neue sin de Glieder un de Gesichter braun gebrannt. De Maiern aus dr Wurzner Straße hat verzn Gilo zugenomm‘, un dr Finazinschbektor Hase is dorches Schwimm‘ recht abgenomm‘. Schon wären de Blädder härpstlich däre, vorrieber is der Sommerreiz… Schmidt‘s Eriga‘n ihr fester Härre hat sich vergriemelt in dr Schweiz.",,https://www.sachsen-lese.de/streifzuege/mundartliches/nach-den-ferien/,2026-07-10,Lene Voigt - Neue Leipziger Zeitung,Leipzig,1934,poetry,397
121,"Harzlich Dank un noch emol Dank! Su grüß ich eich zu Pfingsten! Ihr hatt geholfen un gewürgt, geknausert net im Geringsten. Es war nischt lechts, es war a Plog, mich wieder harzerichten. Stramm steh ich un halt treie Wacht, guck weit naus über de Fichten. Fühl mich gesund un nei geborn, vun Krankheit ganz genasen. Mir is, als wenn ich dort in Wien in „Steinachs Kur“ gewasen. Na, ´s mah nu meintwagn sei wie‘s will, ich war ze danken wissen, wenn ihr raufkummt mit müde Ba, kaum traten könnt ofn Füßen. Saht eich ubn üm, die schiene Walt, rundümedüm die Walder! Wie Kramzeig, hie de Stub gebratt, liegn Dörfer, Wies un Falder. Doch dös zählt nischt, mei Mahrerei, kummt rauf un stärkt de Glieder! Pfingst-Sunntig früh war ich suweiht, do sahn mr uns nooch wieder.",,https://www.sachsen-lese.de/streifzuege/mundartliches/ne-morgnleit-turm-sei-pfingstgruss/,2026-07-10,Albert Schädlich,,,poetry,765
122,"Ne Mundart lässt sich nich verbieten, weil blutsgebunden bis ins Mark, dr Volksmund selwer weeß zu hieten sei Vätererbe drei un stark. Ich mußte neie Mundartlieder Landsleiten uff e Zettel schreim, denn meine Schwestern, meine Brieder wolln fest mit mir verbunden bleim.",,https://www.sachsen-lese.de/streifzuege/mundartliches/ne-mundart-laesst-sich-nich-verbieten/,2026-07-10,Lene Voigt,Leipzig,,poetry,270
123,"Iech wünsch eich e neies Goahr, des besser wörd, wie's alte war, ne Stall voll Hörner, ne Bueden voll Körner, de Schei voll Strueh. Und gebbt'r mr wos, nooch bie iech frueh. Iech wünsch dr sueviel Glück im Goahr, wie dr Fuchs im Schwanz hot Hoar. Zen neie Goahr viel Glück und Segn! Nu müss't'r mr aah enn Neigrosch gebn! Iech wünsch dr e gesunds neis Goahr, ne Kopf voll Lais und kaane Hoar. Iech bie e klaaner König, gebt mr net ze wenig, gebt mer net ze viel, iech will e Haisel wattergiehe! Iech bie e klaaner Dicker, iech koa net naufm Drücker, gebbt mr när enn Pfeng, nooch giehe iech meine Gäng! Iech bie e klaaner Sticker, ho afm Kopf enn Drücker, und wenn se dodrauf drücken, nooch fang iech oa ze sticken. Iech bie e klaaner Ackerknecht’, giehe nausn Feld und acker recht, oahne P?ug und oahne Schar wünsch iech eich e neies Goahr. Iech bie e klaaner Ackerknecht, giehe nausn Feld und acker recht. Gebbt'r mr kann Hiefenklüß, mach iech eich de Küh zamm lues.",,https://www.sachsen-lese.de/streifzuege/mundartliches/neigoahrschwuensch-sprueche/,2026-07-10,,Vogtland,,poetry,968
124,"Iech wünsch eich e neies Goahr, des besser wörd, wie‘s alte war, ne Stall voll Hörner, ne Bueden voll Körner, de Schei voll Strueh. Un gebbt‘r me wos, nooch bie iech frueh. Iech wünsch dr sueviel Glück im Goahr, wie dr Fuchs im Schwanz hot Hoar. Zen neie Goahr viel Glück un Segn! Nu müßt‘r mr aah enn Neigrosch gebn. Iech bie e klaaner König, gebbt mr net ze wenig, gebbt mr net ze viel, ich will e Haisel wattter giehe! Iech bie e klaaner Dicker, iech ka net naufn Drücker, gebbt mr nær enn Pfeng, noch giehe iech meine Gäng! Iech bie e klaaner Sticker, ho afm Kopf enn Drücker, und wenn se dodrauf drücken, noch fang iech oa ze sticken. Iech bie e klaaner Ackerknecht, giehe nausn Feld un acker recht, oahne Pflug un oahne Schar, wünsch iech eich e neies Goahr! Iech bie e klaaner Ackerknecht, giehe nausn Feld un acker recht. Gebbt‘r mr kann Hiefenklueß, mach iech eich de Küh zam lues.",,https://www.sachsen-lese.de/streifzuege/mundartliches/neigoahrschwuensch/,2026-07-10,,Vogtland,,poetry,890
125,"Wie oft geht uns was schief im Lähm. Doch darf mer das so schwär nich nähm Un jammern laut: ""Wie schade!"" Ärscht rächt schbornt das de Gräfte an, Un frisch befeiert ruft mer dann: Nu grade! Wenn alles glabbte in dr Welt, So wie mer sich's hat vorgeschellt, 's wär mit dr Zeit rächt fade! Aus hindernissen schbät un frieh Wächst frehlich-fräche Enerchie. Nu grade! Gemeene Mänschen reich an Zahl Dräät unsre Erde nu eemal In jederlei Formade. Doch jedes Been, das mir geschellt, Das bracht' mich weiter uff dr Welt. Nu grade!",,https://www.sachsen-lese.de/streifzuege/mundartliches/nu-grade/,2026-07-10,Lene Voigt,Leipzig,,poetry,524
126,"Wenn ubn bei uns is Frühgahr kimmt, nu schie, schie, schie!  De liebe Sunn ne Schnee wagnimmt, nu schie, schie, schie!  Do fängt‘s a ze blühe, su harrlich un schie,  un draußen werd allis su wunnig un grü.  Ganz laut sogt mr amol üms annere mit: Inu schie, schie, schie!     Nort gieht‘s laut in de Mailuft naus, nu schie, schie, schie!  Bezeiten haaßt‘s: Aus‘n Bett früh raus, nu schie, schie, schie!  Wos werd do geolbert, wos gibt‘s do für Lust,  mr hot‘s halt vun früher net annersch gewußt.  Do härt mrsch am meesten, wenn allis su blüht: Inu schie, schie, schie!     Un kimmt de Schwamme- un Beerzeit ra, nu schie, schie, schie!  Do läft nu allis, wos laafen ka, nu schie, schie, schie!  Do waß dar a schie Flackel, un dar waß en Flack,  un komme se hie, sei se allesamm wag.  Dar se waghot, denkt amol üms annere mit: Inu schie, schie, schie!  Mir Alten namme is Pfeifel mit, nu schie, schie, schie!  Wenn‘s früh a bissel in Wald nausgieht, nu schie, schie, schie!  A Flaschel, a ganz klans, in Rocktaschel stackt,  es werd ab un zu amol mit nagelackt.  Verstuhlns maant mr sachte zun Gevatter mol mit: Inu schie, schie, schie!     Gegne Obnd gieht‘s zen Gevatter nüm, nu schie, schie, schie!  Ho iech kaa Zeit, kimmt dar en Sprung rüm, nu schie, schie, schie!  Do mahrn mr vun dan, un do mahrn mr vun genn  un sanne mit drauf, döß is Pfeifel schie brennt.  Nort sogn mr, wenn der Raach an de Stubndeck naufzieht: Inu schie, schie, schie!     Su kimmt aa mit dr Winter ra, nu schie, schie, schie!  Nort haaßt‘s, is warme Zeig zamm na, nu schie, schie, schie!  Un kumm ich vun draußen ins Stübele nei,  setz ich mich ans Öfel un feier fest ei.  Un wattert‘s racht draußen, denk ich für mich hie: Inu schie, schie, schie!     Noochn Assen kumme de Hutzenleit, nu schie, schie, schie!  Öb‘s draußen graupelt oder schneit, nu schie, schie, schie!  Do ward schie geklippelt, aa Körb mit gemacht,  gesunge, gelacht un oft Uart gemacht.  De Maad sogn ze enanner, wenn‘s hamzu nort gieht: Inu schie, schie, schie!     Wie schie sich‘s drauf in Bettel liegt, nu schie, schie, schie!  Wenn mr vun ganzen Karrl de Nos bluß sieht, nu schie, schie, schie!  De Füß stemm ich racht schie ans Wärmstanel na,  un mei Härrschte liegt ruh‘g an der Seit drüme dra.  Un wenn ich se frog, is in Bett net racht schie? Inu schie, schie, schie!     Ujeh, wu sei de guge Gahr, nu schie, schie, schie!  Wie ich asu a Boß noch war, nu schie schie, schie!  A manichs Mol ho ich mei Madel gedruckt  un ihr in de Agn bis in Harz nei geguckt.  Ganz ruh‘g saht mr öftersch zu enanner mol mit: Inu schie, schie, schie!     Un itze, ach du liebe Zeit, nu schie, schie, schie!  Do sei mr numeh alte Leit, nu schie, schie, schie!  De Kinner sei gruß, un die hamm se wieder kla,  abn asu, nu dös Fast, wenn mr se nimmt of de Ba.  Vür Frad sogt mr aa, wenn mr ins Bündel neisieht: Inu schie, schie, schie!     Un war ich itze fartig sei, nu schie, schie, schie!  ‘s hot eich gefalln, macht kaa Geschrei, nu schie, schie, schie!  Schreit epper net: „Bravo!“, sogt lieber: „Schie, schie!“  Ich kunnt dös fremme Zeig net leiden, su alt wie ich bie.  Meintwagn könnt‘r sogn noch su oft wie ihr wöllt: Inu schie, schie, schie!",,https://www.sachsen-lese.de/streifzuege/mundartliches/nu-schie-schie-schie/,2026-07-10,Albert Schädlich,,,poetry,3189
127,"Nu liecht dr Friehling in dr Luft. De Menschenhärzen bubbern. Un ooch dr abgebriehtste Schuft Muss jetzt dn Lenz erschnubbern. Guckt eich nur de Gesichter an Von eiern Volksgenossen! Da schrahlt jetzt freindlich mancher Mann, Där sonst egal verdrossen. Das wäre ja geradezu gelacht, Wollt‘ eener nu noch nercheln, Wo durch dn letzten Schnee mit Macht De ärschten Bliemchen gwercheln.",,https://www.sachsen-lese.de/streifzuege/mundartliches/nu-waerds-awer/,2026-07-10,Lene Voigt,Leipzig,,poetry,383
128,"Doas is ju, oas wär heut oalls verhext, jed Halmel und Aestel is weiß wie mit Stoobzucker ieber und ieber besträt, und moanchmol glitzert‘s wie Eis. und finkelt und flimmert, wenn d‘Sunn su druffscheint. Nee wurkelch, doas is dr an Pracht! Und hust goar nischt wegkrigt, wuhar dr doas koam. Mit emmol is‘s do ieber Nacht. Oall Beem und oall Bisch uff‘m Berg und an Toal! Du kennst ver Freeden laut schrein. Nee su woas, ner su woas, do wett‘ch dr do glei: s koan an Märchen do ne schinner sei!",,https://www.sachsen-lese.de/streifzuege/mundartliches/oareim-raureif/,2026-07-10,Gustav Wolf,,,poetry,493
129,"Iberall schtehn Rächenfitzen, Wasser schtreemt in alle Ritzen. Ausn Wolken gullern Drobben, Bedrus will un will nich schtobben. Immer doller dräbbelt das, un mei Schärm wärd batschenaß. Unterm Simse hocken Schbatzen, Die ziehn mißvergniechte Fratzen! Alle Leite loofen schneller, Gatzen hubben in de Geller. Bedrus, Bedrus, bremse nu! Denk‘ an mein gabuttchen Schuh.",,https://www.sachsen-lese.de/streifzuege/mundartliches/raechenlied/,2026-07-10,Lene Voigt,Leipzig,,poetry,366
130,"Huhn in unnern Gebörg, wu de Walder ganz eng, wu de Barg su huch un dr Himmel afängt, dort wird‘s Echo geborn in harrlicher Luft un klingt, je schänner mr ruft: Hulladiörio! Wu dr Gager huch drubn ofn Astand lauscht, wu‘s Bachel for sich im Wiesengrund rauscht, wu‘s hübn un drübn ne Barg steil naufgieht, do ruft‘s laut, dös mr‘s deitlich verstieht: Hulladiörio! Dös Flackel, wu‘s Echo am harrlichsten klingt. Dann Ruf vielstimmig vun drübn wieder bringt, dös muss mr sich merken, gieh öftersch mol hie, un sing, weil‘s gar asu schie: Hulladiörio!",,https://www.sachsen-lese.de/streifzuege/mundartliches/s-echo/,2026-07-10,Albert Schädlich,,,poetry,548
131,"Ä Wanderer gommt, verdräckt, verlaust, Ins Heimatdorf zurückgesaust. Fünf Jahre blieb‘r in dr Främde, Nu war gabutt sei lätztes Hämde. Dr Zellner dudn nich ergänn Un läßtn gald voriberränn‘. Drotzdäm ´r mal sei Freind sich nannte Das is doch eechentlich ´ne Schande. Nu gommt dr Wandrer vor ä Heischen, Drin wohnt sei Schatz, das gleene Meischen, Da schteht se ooch am Fänster grade Un gießt de Blum un de Domade. Dr junge Mann grießt: „Gudden Morchen, Mei allerliebstes hibbsches Dorchen!“ De Gleene awer meent: „Nanu, Wie gomm ich dänn dadrzu?“ „Ach,“ seifst dr Wandrer vor sich hin, „Muß ich doch bloß ä Färkel sin, Daß geener mich ergännt vor Dräck Un alle guggen wieder wäg.“ Da goomt ´ne alte Frau gehumbelt, Ä bisschen schief schon un verschrumbelt, Die siehtn gaum, da lacht se schon: „Härrrjehmerschnee, das is mei Sohn!“",,https://www.sachsen-lese.de/streifzuege/mundartliches/s-ergaennen/,2026-07-10,Lene Voigt - Säk’sche Balladen,Leipzig,,poetry,830
132,"Am Lilichenschteene um Middernacht da laatscht ä Geschbänst dorchn Fälsenschacht. Das rasselt mit ärchendwas forchtbar dort rum, de Leite, die flistern: „Jetzt gehts wieder um!“ Nu hätte ja mancher rächt gärne erfahrn, was bloß där Geist rumwärcht, schon seit so viel Jahrn. Gee Mänsch aus dr Geechend gonnt sich das erglärn, was där in dr Schlucht drinne hatte zu mährn. Bis endlich mal eener, Baul Borbsig aus Bärne, sich ranschlich voll Mud un Verdraun zu sein Schdärne. Gaum dasses vom Gärchdorm dad Middernacht schlaachen, gam binktlich ´s Geschbänst in ä Hämd ohne Graachen. De gnochigen Finger umgramften ä Dobb, ä Schbriritusgocher drugs ohm uff sein Gobb. Dann hockte sich‘s hin untern Lilichenschteen un braute sich Gaffee. Nee roch där bloß scheen! Befeiert vom Dufte dr geddlichen Drobben fing Baul an zu bläken: „Heh, mir ooch ä Schobben!“ Hieruff gab‘s ä Gnall un dr Geist war verschwunden. Baul Borbsigen hammse am Morchen gefunden, där saß schwär verbrieht in ´ner Gaffeelache. Das war däm geschteerten Geschbänst seine Rache.",,https://www.sachsen-lese.de/streifzuege/mundartliches/s-gaffeegeschbaenst/,2026-07-10,Lene Voigt,Leipzig,,poetry,1042
133,"Midden uff dr Dräsdner Heide Schtand ä Weib in rosa Seide. Schigge Schtrimbe, Bubigäbbchen, An dn Ohrring‘ goldche Gnäbbchen. Da gam ä Modorradfahrer, Ohne Soziusbubbchen warer. Däm lief mit gogädder Miene ‘s Freilein flink vor de Maschine. “Hald!” so rief de gägge Gleene. “Nimm mich mit, sonst wär‘ch gemeene!” Wubbdich, schwangse sich uffs Rädchen. - Ja, so sin de sächs‘sche Mädchen.",,https://www.sachsen-lese.de/streifzuege/mundartliches/s-heidereeslein-in-sachsen/,2026-07-10,Lene Voigt,Leipzig,,poetry,387
134,"Gahr für Gahr gieht's zun Advent of'n Buden nauf, werd e Mannel aufgeweckt: ""Komm, nu stehste auf!"" Is es unten in dr Stub, rührt sich's net vom Flack, stieht wu's stieht, doch bal gieht's lus,'s blest de Schwoden wag. Wenn es Raachermannel nabelt un es sat kaa Wort drzu, un dr Raach steigt an dr Deck nauf, sei mr allezamm su fruh. Un schie ruhig is in Stübel, steigt dr Himmelsfrieden ro, doch im Harzen lacht's un jubelt's; Ja, de Weihnachtszeit is do. 's hot zwaa stackendürre Baa un en huhlen Leib, zieht bedachtig an dr Pfeif zu sen Zeitvertreib. Hot e fei schies Gackel a, of'n Kup en Hut, ober Maul un Nos sei schwarz, weil's viel dampen tut. Wenn es Raachermannel ... Kimmt zun Fast dr gruße Gung aus dr Fremd eham, springt dr Klaane rim vür Frad, ach, dos is e Lab'n! Bricht drnoch de Dammring rei, nam mr'n Raachermah, stelln ne mitten of'n Tiesch, zündn e Kerzel a. Wenn es Raachermannel ... Is dr Heilige Ohmd nu ra, werd jed's zu en Kind. Wieder warn in jeden Haus Lichter agezündt. Jed's hofft, daß 's zun Heiling Christ e a Packel kriegt. Überol is Glanz un Pracht, un wie gut dos riecht. Wenn es Raachermannel ...",,https://www.sachsen-lese.de/streifzuege/mundartliches/s-raachermannel/,2026-07-10,,,,poetry,1131
135,"‘n Winkel-Hannes sei Gung hatt zeitig ahgefang, annern Leiten awos wagzenamme, un wie er a Gahrer zwölfe war, do war er schu a richtiger ausgefeimter Spitzbub. Viel Müh hot sich sei Lehrer mit‘n gaam, doß er die Mauserei sei lossen söllt. ‘s half ober alles nischt. Dos sei halt Gab‘n. Amol trifft der Harr Lehrer ‘n alten Winkel-Hannes in dr Schenk, un do hot er‘n a Licht über senn Gung aufgesteckt. Der Hannes hot mit‘n Kopp genickt un hot gesaht: „Jaja, Harr Lehrer“, saht er, „‘s is alls, wie sie soong; daar Gung maust mir de Haar von Kopp ro, wenn ich net aufpaß. Ober ich waß aah net, wos ich noch machen söll. Jeden Ohmd loß ich ne ‘sechste Gebot haarsoong, ober de Mauserei gieht wetter!",,https://www.sachsen-lese.de/streifzuege/mundartliches/s-sechste-gebot/,2026-07-10,Hans Siegert,,,poetry,697
136,"Seit alter Zeit, do stieht am Wag a Wassertrögel dra, un wie als Kind, su gieht mr heit ganz stat noch eitel na. Die rane, klare, frische Quell, a Labsal war’sch gar oft, hob manche Weil dort zugeguckt, wie’s Wasserle rausloff. Un kamer vun de weiten Beer,- dort hamm mr ogesetzt, ne Trogkorb an ne Rand gestellt, wenn mir racht ogehetzt. Nooch hamm mr’sch uns bequam gemacht, weil mir rachtschaffen müd, un frisch getrunken vun der Quell. O, dass dich Gott behüt! Dernabn im Grabel boden sich paar Vögele zegleich. Se brauchn kaa Saaf, aa Handtuch net,- de liebe Sunn macht treig. Geschnügelt un gebügelt fei, kaa anz’ge Fader sperrt, su fliegn se fort in Waldesdom, do is heit gruß Konzert. Un’s liebe Vieh hält noch meh drauf, wenn’s Wassertrögel kimmt, wenn sich’s am racht schwarn Langholzwogn nooch alln Seiten krümmt. Hamm sich de Pfar a Guts geta, gieht’s frisch der Hamit zu, un’s Qualle platschert lustig fort uendlich uhne Ruh. Drüm, Kinner, stört dan Frieden ja beim Wassertrögl net, denn’s is für Mensch un viele Tier de Trinkerholingsstätt. Dös Wassertrögel halt in Ehrn, ‘s is geweihter Ort, un wenn de salberscht emol stirbst, is Qualle pläschert fort.",,https://www.sachsen-lese.de/streifzuege/mundartliches/s-wassertroegel/,2026-07-10,Albert Schädlich,,,poetry,1168
137,"Ä ausgedientes Zärgusfärd Zerrt draurich änne Garre, Ä Ginstler, frieher hochgeährt, Zieht rum mit  ner Gidarre. Un guck ich so die beeden an, Eemal das Färd, eemal dän Mann. Dann fiehl ich deitlich, wie noch nie, De ganze Dragik vons Schenie.",,https://www.sachsen-lese.de/streifzuege/mundartliches/saechsische-elegie/,2026-07-10,Lene Voigt,Leipzig,,poetry,243
138,"Uff äner Reese gahm ich emal Im scheenen Vogdland nach Glingendal. Unn wie ich von Bahnhof ins Schdädtchen dad schreiden, Da heerd'ch von Gärchdorm de Glocken leiden. Das war mir e bißchen sonderbar, Weil's nämlich gewehnlicher Wochendahch war, ""Heern'se,"" dad'ch da 'n Einheimischen frahchen, ""Mei Gudsder, genn'n Se mir vrleichde sahchen: Was had'n das eegendlich zu bedeiden, Warum dun d'nhier alle Glockn leiden?"" ""Ja,"" sahchde der mit freindlichen Blicke, ""Wahrscheinlich ziehd eener an Schdricke!",,https://www.sachsen-lese.de/streifzuege/mundartliches/saechsische-kunde/,2026-07-10,Robert Zimmermann - Säk‘sches Gemiese,,<1936,poetry,502
139,"1  Verzeihn Se giedigst, Herr Wachmeester, wo färdn die Schdraßenbahn hin?  Wenn Se nich von d‘n Schien runder gehen, fährd se Ihn‘ ins Kreize!   2  „Herr Ohwr, gähmse mirma dä Schbeisegarde!“  „Biddä scheen, mein Herr.“  „Bring Se mir mal ne Borddzion Schweinsohrn midd Graud!“  „Bedaure, die sin alle.“  „So? Da bring se mir mal Beedrsiljengemiese midd Gurgnsalad!“  „‘s dud mir sähr leid, awr das is ooch alle!“  „Na so ä elendes Bäch, na wardn se mal, da bring se mal ne Borddzion Silzä midd Bradgardoffln!“  „‘s is mir diräggd beinlich ze sahchn, mein Herr, mir hamm heide bloß Guddlflägge midd grien Bohn!“  „Nu verbibbch, warum sahchn Se das nich gleich, warum lassn Se mich denn dann de Schbeisegarde auswendch lärn? Ja?“  „Entschuljn Se giedichsd, awr mer muß doch sein Gäsdn änne Auswahl biedn!“   3  Pfemfert schreibt einen dringenden Brief. Um acht wird der Kasten geleert und jetzt ist‘s schon dreiviertel.  „Den Briefumschlag!“ sagt er zu seiner Frau.  Sie bringt ihn.  „Kleb‘n immer schon zu, damit‘s nachher schneller geht!“ sagt Pfemfert und schreibt weiter.   4  Bureauvorstand: „Meyer, hier in ihrem Briefe, da fehlt ä Binktchen. Gommse her un machense‘s selber nein, dass es nich zweerlee Handschrifd wird.“",,https://www.sachsen-lese.de/streifzuege/mundartliches/saechsisches-allzusaechsisches/,2026-07-10,Säk'sches Gemiese,,<1936,poetry,1227
140,"Wenn mei Liebchen ahmds um siem Gommt ausn Gondor, Schteh ich an dr Ecke driem, Ich, ihr Deodor. Un se feixt so glicklich dann, Gaum, dassse mich sieht. Ich bin ähmd dr richtche Mann Fier där ihr Gemiet. Wemmer nacherds heemegehn, Hänkelt se sich ein. Nee, das is doch gar zu scheen, Latscht mer so zu zween. Meine Gleene geb'ch nich här Fier 'ne Million. Wenn bloß bald de Hochzeit wär! Nu, mer schbarn ja schon.",,https://www.sachsen-lese.de/streifzuege/mundartliches/saechsisches-liebeslied/,2026-07-10,Lene Voigt,Leipzig,,poetry,413
141,"Zugegähm, wenn wir was saachen, Das wärkt niemals imbosand. Manche hamm uns drum im Maachen, Schimfen gar uff unser Land. Andre wieder liem das grade, Die zieht’s färmlich bei uns hin. Unsre Schbrachenmarmelade Fließt so rächt nach dän ihrn Sinn. Darum wollmer uns nicht schtreiten Iber Simbadien un so. Scheint uns doch bei andern Leiten Ooch nich alles gomme il foh.",,https://www.sachsen-lese.de/streifzuege/mundartliches/saechssches-begaenntnis/,2026-07-10,Lene Voigt,Leipzig,1934,poetry,368
142,"Friedlich sitzt ä Frosch im Grase, Friedlich noch frisst ä Hase Änne Runkelriewe an. Hebt ‘n Gobb bloß dann und wann. Einsam drieb‘n im Garpendeiche Schwimmt ‘ne dode Mickenleiche. Un ä Färd, es lässt sich fier‘n, Heert jetzt g‘rade uff ze wiehr‘n. An dem Boome uff‘n Moose Liegt ‘ne halbe Sonnenrose: Un ä Hund sucht dort im Grase Ärgend was mit seiner Nase. Schmetterlinge, voll von Duft, Segeln fermlich dorch de Luft: Un im vollbebackten Gahne Sitzt ä Fischer wie im Drane. In der Laube drieb‘n im Garten Sieht mer Een uff Eene warten. Un ä Schtickchen weiter hin Gann es friedlicher nich sin!",,https://www.sachsen-lese.de/streifzuege/mundartliches/saeksche-idylle/,2026-07-10,Max Vormeyer,,,poetry,597
143,"Mei scheenes, mei deires, mei einz‘ges Gind, Ich schtehe hier ungen, es seiselt der Wind Dorch de Baime un dorch meine Seele. Un von meiner dämischen Liewesglut Da ging schon die Eene, is C warsch, kaput, Fier dich ging se, Deierschte, fleten! Es is hier so scheene, wo bleibste denn nur, Mei Selmachen, kumm doch, ich spiel Dir was vor, Der Himmel der hubbert vor Freede; Er sieht sich so ros‘g un so feierlich ahn, Un drieb‘n uff‘n Wasser, da schaukelt ä Gahn, Der is wie gemacht fiehr uns Beede. Mei Härze, ich gehe ze Grunde um Dich, Du weest je, ich liewe Dich färchterlich, Ich liewe Dich bald zum Zerblatzen! Un wenn de nich kimmst, da erseefe ich mich. Doch vorher, ich schweere Dirsch feierlich - Erseefe ich erscht Deine Gatzen!",,https://www.sachsen-lese.de/streifzuege/mundartliches/saeksches-schtaendchen/,2026-07-10,Max Vormeyer,,,poetry,738
144,"Mir sin de ärschten jedes Jahr, Das laßmer uns nich nahm. Wenn vor uns bliehten andre gar, Da mißten mir uns schäm. Bis jetz hat's doch noch nie risgiert Etwa de Gonggurrenz Gee Bliemchen hat sisch je geriehrt Wie mir so gurz vorm Lenz. Ärscht wenn de Sonne wärmet lacht, Dann gomm de andern rann. Wenn's Veilchen gligglich uffgewachd Da bliehten mir längst aus.",,https://www.sachsen-lese.de/streifzuege/mundartliches/schneeglaeggchen/,2026-07-10,Lene Voigt,Leipzig,,poetry,362
145,"Dr Harbest kam, mürd legt de Ard sich nieder, wild gescht dr Sturm de Blattle har un hie: stumm stieht dr Wald, verklunge sei de Lieder, wos grün un schie war, mußt su schnell vergieh. Un wie nu alle graa un trüber werd, do dauert unnern Herrgott seine Ard - un sanft un waach fällt aus dr Himmels Höh su licht un weiß dr liebe Schnee. Un wie de erschten Flocken falln vom Himmel, do haltens Gunge, Maadle nimmer aus; su schnell wie's gieht in lustigem Gewimmel giehts aus dr Stub ins Flockenwerbeln naus. Ball is e Schneeballschlacht aah schie in Gang, en Ruschelschlietn brengt dort aner lang, un Näß un Kält, die tune heit net weh, ringsümedüm do jubelts: Schnee! E manichs Alte sitzt in Ufnwinkel un guckt zerick of seine gunge Gahr, wu Näß un Kält an schoden konnt kän Fünkel un wie mer wie verwerrt ofs Ruscheln war. Doch itze sitzt mer dra an Ufentopp un sieht in Speigel ner sen alten Kopp, do werd mersch weiß, do drum, o Jemine, liegt aa die Himmelsgab: dr Schnee! De Ruschlbah, die is ze allen Stunden aa fir de Lieb e rachter schiener Platz: es dauert net lang hoot mer sich gefunden, un ofn Schlieten sitzt mer mit sen Schatz. Dos Madl hält sich zoghaft an en aa, dr Schlieten saust ne Barg ro, wos'r kaa. Of emol is mer of sen Sitz ellä, dr Schatz is wag, - dar liegt in Schnee!",,https://www.sachsen-lese.de/streifzuege/mundartliches/schneelied/,2026-07-10,Max Wenzel,,,poetry,1292
146,"""Dr Seiferts Emil hoot alle Goahr ze Weihnachten sei Baamel drhamm drin dr Stub stiehe. Lang ne Kinnern wegn hoot‘r geern e Fichtel oageputzt mit Gloszeig, Epfel, Nüss‘ un Zuckermännlen, un de Kinner haben do alle Goahr ihr helle Fraad droa gehatten. Nia, und e setts Baamel hoot ne ja sinst aah watter nischt gekost. Halt när e wing aufpassen hoot‘r müssen, aß‘r draun Wald net epper gerod ne Färschter nei de Händ geloffen is. Sue hoot‘r siech aah wieder emoll - ‘s war e gonz poar Tog vurn Heilign Ummst – af de Socken gemacht, is de Plauische Stroß dringehinter bis drübn über de Siebnhitz naus, wue‘r siech dorte den Wald lang ne Summer über setts schess‘, klass‘ Fichtel rausgesucht hat. ‘s stund aah noch dorte. ‘r nimmt sei klass Handsegel aus seiner Rocktasch raus und schnadt siech des Fichtel oh. Nu hoot ober dr Emil geern emoll e Seidel Bier getrunken und is aufm Hammweg ben Siebbnhitzr Kober emoll eingekehrt. Virsichtig hoot‘ sei Baamel nei de Eck gelaahnt un is nu halt e wing länger sitzen gebliebn, als wie‘r siech verneh virgenumme hatt, und hoot dodrbei halt aah e poar Seidle Bier meh neigekuttelt, als wos‘r ven Rechts wegn vertrogn kunnt. Un wie‘r endlich ummst hamm is, do is‘r scha e wing in Zickzack de Stroß dingehiegelautelt. Drbei hot‘r sei Bammel krampfhaft in sann Händen festgehalten und hoot‘s steif vur siech hiegetrogn wie e Muestmoa sann Drehtorm. Dodrbei haben ne nu de Ästle ven den Baamel egoal neis Gesicht gekroalt; und wie‘r e Stück geloffen war, do blabbt‘r af aamoll gählings stiehe, schüttelt argerlich sann Kopf und sogt: „V...verdimian, nu möcht ich n...när emoll wissen, wenn iech aus den d...daamischen Wald nauskumm.“",,https://www.sachsen-lese.de/streifzuege/mundartliches/sei-weihnachtsfichtel/,2026-07-10,Willy Rudert,,,poetry,1668
147,"Um zähne, da sinse noch alle normal, Dann rammeln se nein ins SilvesterlogaL  Um. elfe wärd's jedem schon langsam rächt warm,  Sanft gollert dr Glihbunfch durch Maachen un Darm.  Um zwelfe brilln alle ""Brost Neijahr!"". Un schon  Schwankt hin un schwankt här mancher Mudder ihr  Sohn.  Um eens, wenn de meerschten sähn dobbelt de Wält,  Wärd nochmal von vorne där Grägigchen beschtällt  Um zwee rutscht mancher so sacht untern Disch,  Sei Nachbar, där feixt bloß un fiehlt sich noch frisch.  Da sieht mersch mal wieder: dr Algohol  Wäärcht viele bald ab un dut andern scheen wohl.",,https://www.sachsen-lese.de/streifzuege/mundartliches/silvesterbunsch/,2026-07-10,Lene Voigt,Leipzig,,poetry,579
148,"Er: ""Na, nu hau awer hin, Emma, jetz illert grade de Sonne a häbbchen 'raus. Wenn de nadierlich so lange mit Anbeebeln 'rummährfcht, bis se widder 'neingegrochen is, hernachens hat's ja iberhaupt geen Zwäck, daß mr uns noch 'nausmachen.""  Sie: ""Ob 'ch dn Schärm mitnähme, mei Adolf?""  Er: ""Nu, das is doch ganz glar jetz im Abbrile, wo de sowieso egal so emfindlich wäächsen jeden gleen'n Räächenschbritzerchen uff dein Bibbi bist.""  Sie: ""Ich gloowe, 's is grade Widder ä Grauwebwädderchen im Anzuche. Gucke bloß ämal hinten zum Gichenfänster 'naus, da gommt's gohlbächrahmschwarz nähm dr Feierässe nuffgegrochen. Das gennt mr eechentlich noch ohm abwarten.""   Er: ""I, desderwäächen genn mr doch ruhig losrammeln, Emma. Wenn mr dadrnach gehn wollte, dann därfte mr sich im Abbrile iberhaupt nich aus dr Buwerzche 'nausdraun.""  Sie: »Na, wenn de meenst, leiern mr ähmd los. Haste denn ooch ä frifches Daschenduch eingeschtäckt, mei Adolf?""  Er: ""Allemal, gomm nur nu ändlich - glooß dich aus!""  Sie: „Na gucke doch, jetz grauwelks wärklich, un wie! De reen'n Wärfelzuggerschtickchen schmeißt' s 'nunter.""  Er: ""Laß nur, dadrfier hammer doch dn Schärm. Un außerdäm ihlt vorne in dr guden Schtuwe schon widder de liewe Sonne ä häbbchen vor. Dadsächlich, 's wärd widder hälle.""  Sie: ""Also scheen, ich will gee Schbielverdärwer sin- rabbeln mr uns uff! Willste mit dein'n Schlissel zuschließen, mei Adolf?""  Er: „Ja, ja, mach' d'chs bloß ändlich 'naus uff de Dräbbe, sonst schtehn mr heite ahmd um achte immer noch da!""  Sie: ""Haste ooch richtch eingeglinkt. Mache liewer ärscht noch ämal de Browe.""  Er: ""Weeste, Emma, mr sin jetz siemunzwanzch Jahre verheirad', awer ich wißte geen Sonndaach, wo de mich das nichs gefraacht hätt'st!""  Sie: „Du, wenn de anziechlich wärst, da mach'ch glei widder gehrt und dann gannste alleene schbaziern laatschen. 'S wärd iberhaupt schone widder ganz greilich dunkel, da muß 'ch doch färmlich ärscht ämal zum Dräbbenfänster 'nausillern. Härrjeh, jetz hat's doch geblitzt. Hastes ooch gesähn, mei Adolf?""  Er: „Na ähmd - un jetz donnert's!""  Sie: ""Nee, weeßte, in ä Gewidder 'nein loofen mr nu doch nich, das wär' ja de Hehe! Mir sin doch schließlich nich bleedsinnch. Gomm, schließ' nur widder uff, mei Adolf, 'S hat ähmd nich soll'n sin.",,https://www.sachsen-lese.de/streifzuege/mundartliches/spaziergang-im-april/,2026-07-10,Lene Voigt - Mir Sachsen!,Leipzig,,poetry,2271
149,"Dasdrwaign simm‘r ne uf Ardn, doß mr sellte denken, ‘s wär asu: volle Toage Broatn un a Töppl vo dn bestn Biere no dazu. I behitte, nee, ‘s is ack ennerlee. Ob mr Broatn assn odr Gritze odr trinken aus dr Entenpfitze. Nee, dos is es ne. Mr sellte‘s denken, schiene Kleeder troin, dos wär dr Zweck, denn mr sitt ollantchen schiene Kleedr, die de kehrn den Stoob von Wage weg. I behitte, nee, ‘s is ack ennerlee. Ob mr, wenn zeletzt mrch niederleite, hot a Kleed oo Sackzoig odr Seide. Odr, wenn mrsch oansitt viele Loite, wie se huppn, springn ganz wie närsch, enne Froide jagt de anre Froide, sellt mr denkn, dasdrwaign wärsch. I behitte, nee, ‘s is ack ennerlee.",,https://www.sachsen-lese.de/streifzuege/mundartliches/trost-in-bescheidenen-verhaeltnissen/,2026-07-10,Hausbuch sächsischer Mundartdichtung,Gersdorf,1927,poetry,663
150,"Vugtlänner Ochsen sei bekannt  In' ganzen weiten deitschen Reich,  Doch wer kah sinst in' ganzen Land  Wos guts vun uns berichten gleich?  Scha Luther hot uns schlecht gemacht,  Und dös war doch ȧ grußer Mah!  Er hat uns ruh und ugeschlacht'  Gehissen; heit noch hängts uns ah.  Wenn ȧȧns ze uns in's Vugtland kimmt –  Gern net, ner wenns net annerscht gieht –  Der sieht gewieß siech vür und nimmt  Vursichtig sȧn'n Repulver miet.  s hȧȧßt, 's Vugtland, dös wär kalt und arm,  Und rauch, 's teet ze bedauern sei.  Und wer hie müßt, dös Gott derbarm!  Sött warme Hänschich stecken ei.  Wie Gott Sibirien gemacht,  Hätt er ȧ Stück dervah verlurn,  Und dodraus wär in grauser Nacht  Nu unner rauches Vugtland wurn.  Doch nimm amol dȧn'n Wannerstob,  Kumm her, beschau d'r'sch in der Näh!  Kumm ner, mach ost amol de Prob!  De wärscht dei blaues Wunner seh.  Schau über unnre Feller hie –  Reich, wie in' Niederland de Frucht!  Schau Wiesen, Wälder – frisch und grü,  Wie fei net übrol m'r sche sucht!  Schau unnre Gärten – s' is ȧ Staat,  Wie alles voller Obest hängt!  Wie Kuhl, wie Zwiefeln und Solat  Su schiene reiche Ȧrnten brängt!  Schau unnre Steedt und Steedtle ah –  Wie nei, wie sauber, wie adrett!  Aß ȧȧns se moln wuhl schänner kah!  Wu annerscht sei se schänner net.  Und schau de Dörfle – Eigebett'  In lustge grüne Büsch und Bȧȧm!  Kumm ner, de wärschts bereie net.  Wu annerscht sei se schänner kȧȧm.  Und schau de Leit – schau wie gewitzt  Ihr muntersch Reden! Schau ner, wie  Der Schalk aus lusting Ȧȧngen blitzt!  Und wie se emsig, omst und früh!  Und ihre Sprooch – wuhl hart und dȧrb,  Doch voller Schiehȧȧt, voller Kraft,  Ganz wie de Leit: vun außen hȧrb,  Doch gut der Kȧrn, voll Kraft und Saft.  Se brenne kȧȧne Butter nah,  's werd nix verblümmelt. Wos se soong,  Is ober wahr, und sicher kah  Jeds Wort als Wahret hȧm m'r troong.  Und schau de Mȧȧdle – frisch und rund!  Und is d'r'sch üm ȧ Frȧȧ ze ta,  An Seel und Körper kȧrngesund,  Triffst du se nerngst net besser ah.  Und unnre Schänken – gieh ner nei!  Dös is ȧ Bier, dös do m'r trinkt!  Und wie de Leit su heauf sei!  Wie mannig lustigs Lied m'r singt!  Und unnre Grügenifften gar  Und unner fetter Bambes – wer  Se nahntig 'gessen hot, fürwahr  Der kah miech orntlich dauern ner.  Mei Vugtland, es is schie und reich,  Is, wenn es ȧȧ geschändt werd ner,  Ȧ Patterle in' deitschen Reich;  Und wer'sch net glȧbbt, der kumm ner her!",,https://www.sachsen-lese.de/streifzuege/mundartliches/unner-vugtland/,2026-07-10,Louis Riedel,Vogtland,,poetry,2413
151,"Dr Schteen yß Andenkn an Abgott Flinz, dar uf dan Hibl a mal geschtandn hat, wie sich noche Leite zu aln Getzn gebett haben. Jow! Un wie dr Abgott ufn Platze schtin tat, dow iß ales zengrsym wendsch gewäst. Dow sein haber Deitschn gekomm un haben wendsche Gestzn zarschlagn gewollt. Wie sich nu Wendn haben nich mee vor sche erwährt gekonnt, haben se Flinz in Schpree geschmeißt. Das Bild is vun purn blankn Golde gewäst, daß derhaldn haben se's 'n Deitsch nich gegynnt. Mei Grußvater hat mersch ofte gesagt, das hat eich sei Grußvater gehjert wie Leite vor ahler Zeit was Galbes in Wasser gesahn han, wenn yß Sonne halle geschiehn'n; jetze yß haber nich meher zu sahne, se haben raus huln gewollt, haber Wasser git hier unter Schteen'n fort un Balkn sein drynne, dass kee Mensch nich of'n Bodn kjemt. Un wenn och eener bis runder kjäm, dar kjänn sich gewiß nich meher aus Balkn un Schteen rausfitzn. Grode unter Schteene, wo dar Abgott gewast, yß a Loch; wenn Wasser kleene yß, sieht man's greeßer. Das Loch git tief runder un rein unter dan Schteene woll bis untersch Dorf. Und drynne es gruß wie Schtube, da liegt eene Tunne bei andern, vull Gold un Silber un schine Sachn, die se gebraucht han bei dan Abgotte. Haber bis dorte yß kee Mensch nich gekomm. 's war mal eener da, dar sich untertauchn konnte; dar hat's versucht. Haber Licht yß'n himmer un himmer ausgeleschn, ooch wenn hat Latarne hubn zugedrikt, dass kee Wasser 'rein gekonnt hat. Mer myssn a mal von hubn runter grobn, dass mer kenn'n dan Herrn Bescheed tun, die gerne von altn Abgotte wolln wissn, un Gold un Silber wern mer schun kenn'n salber brauchn.",,https://www.sachsen-lese.de/streifzuege/mundartliches/vom-flinzsteine-am-spreewaldfluss-bei-budissin/,2026-07-10,Albert Zirkler,Oberlausitz,1927,poetry,1622
152,"Nu horcht ner, wie dr Loden knarrt Un klappert su vun Wind. Hennt draußen stöberts, s hot e Art, dos wird e Winter, Kind! S ka nischt schoden, besser is Dos doch als Matsch un Drack, un wenn dr Schnee wenig größer is, do giehter net glei wag. Nu’s wird aah Zeit, Wenachten is Schu wärrlich vür dr Tür, wenn iech dra denk, kimmt mersch gewiß gar net wie möglich vür. Fraa, sog mer när, ob de olber bist, dohiere trittst rüm, hast nischt ze tu fürn Heiling Christ? Do kümmer dich doch drüm! Nu’s wird aah Zeit, Wenachten is Schu wärrlich vür dr Tür, wenn iech dra denk, kimmt mersch gewiß gar net wie möglich vür.",,https://www.sachsen-lese.de/streifzuege/mundartliches/vuer-weihnachten/,2026-07-10,Heinrich Jacobi,,,poetry,611
153,"Ni weit vun dr Elbe weg schtit ä Bauernhaus. Dovon saatn de Leite: ""Dort'n scheecht's! Dr Bauer hat ä Kobelchen! Sai Knaicht abr wullt's ni gloom. Do saate mo dr Bauer zu'n: ""Warf na bissel Kurn durch! Dr Knaicht gitt in de Bansel. 's is schon duster. Do sitt'r am Rande ä graues Mannl geloofn kumm, dos saat mit eener piepschen Schtimme: ""Mich schlappert's, mich schlappert's, schlappert's dich oo? Do kriecht's dr Knaischt mit dr Angst ze tun un schlät mit dr Schippe no'n Mannel. Do warscht off emo weg. En Tach druff war dr Baur tut.",,https://www.sachsen-lese.de/streifzuege/mundartliches/vum-kobelchen/,2026-07-10,,Pirna,,poetry,537
154,"Wie iech amol durch L. ging, wann saah iech – ne Koarl, mei Schulkamerod. ´r log zun Fansterbraadel ´raus, in dr Gusch hatt‘ ´de lange Paff un ließ se zr Mauer ´ro bammeln. Mr hatten uns ena zenst Reih‘ Gar‘ haar net gesaah‘, drim drzöhleten mr uns nu, wie‘s uns dohaar drgange is, epp Dos un Genn‘s noch äsn is, wu vun unsern Kameroden Daar oder dr Annere itze stacket – nu, ihr wisst ´s schuh, wos nu su ´rüber un ´nüber geredt werd. Do drfuhr ich nu , dos is‘n Koarl ganz gut gieng: ´r hatt‘ su en richting Faulenzerposten drwischt – fast ne ganzen Tog über nischt ze tu‘ un enn sichern Pfeng Gald drbei. ´s werd net äjeden su wuhl! Wie ´r nu dos su soong that, doss‘r manning Toog stundenlang an Fanster lögn ´naus söhch, wos draußen  verbei ging, fröget ienge*: „Werd dr dä do net Zeit un Weil‘ lank?“ „Fr wos,“ spricht ´r do, „soll mr dä neer de Zeit lank waar‘n, iech ho doch nischt ze tuh‘!“ Jetzt wußt‘ iech‘s, dor dr Koarl Ener war, dann de Zeit neer bei dr Arwett lank wur‘. ´s söll manning setten gaam.",,https://www.sachsen-lese.de/streifzuege/mundartliches/vun-dr-langeweil/,2026-07-10,Anekdoten und Gedichte,Annaberg,1904,poetry,1014
155,"Ich lieg  im Wald, ´s is alles still, weit wag vun Waltenspuk. Der Waldgeruch, de Hamitluft verträbt dan Lug un Trug. De Fichten straacheln sich im Wind, a Vögele singt drauf. Derweile macht sich Schriet für Schriet am Stamm a Kaafer nauf. A Ameis läft mr rauf of‘s Ba, es Waldgros krabbelt mich. Is Fliegnzeig schwirrt mr üm a Kopp, ´s hot geds senn Spaß for sich. Vun weiten här ich Sansenstrich, sunst nischt, ´s is heil‘ge Ruh.- Im Harzen Frieden, draußen aa, ach. wär‘sch bal wieder su. Am Blümel, ganz versteckt im Muus, hängt noch a Troppen Tau. A Binn guckt nei un spiegelt sich, ja, su wos muss mr sah! De Binn, die summt ihr Liedel ro un tut sich emsig regn. As Ascherle huppt rauf un no; a Affel nischt dergegn!",,https://www.sachsen-lese.de/streifzuege/mundartliches/waldfrieden/,2026-07-10,Albert Schädlich,,,poetry,722
156,"Wenn dr Rörchteich zugefrurn,  rut und bloo warrn Noas‘ und Uhrn,  wenns „boahnaus!“ vern Schlitteln schreit,  is dr Weihnachtsmoan ne weit!     Wenn de moagst Rusinken* schmeckn,  wenns noa Christbrut roicht ban Bäckn,  ja derno, halli, hallo!  Is dr heil‘ge Oabd bal do!     Wenn de Fichten Aeppel troin,  Hoans und Liesel Nüsse koin,  wenn oallendchen** Lichtel brenn-  hörschte, do muss Weihnacht senn!",,https://www.sachsen-lese.de/streifzuege/mundartliches/wenn-de-fichten-aeppel-troin/,2026-07-10,,Oberlausitz,,poetry,406
157,"Wenn de Lerich singt, o wie is nort schie of de Berg huch drubn in aller Herrgottsfrüh! Wenn 's su haamlich klingt tief in Herzen nei: Mensch wach auf, es werd nu Frühgahr sei!  Wenn de Lerich singt, is de rächte Zeit dauert's nimmer lang bis aah der Kuckuck schreit, 's waarn de Blümle blühe on de Wiesen grü, on es singt on klingt ubn drüber hi.  Wenn de Lerich singt, werd es Herz su weit, denkt e jeder gern a seiner Gongezeit, 's is daarselbe Klang, 's is dossalbe Lied, wie zer Gongezeit zieht's dorchn Gemüt.  Wenn de Lerich singt, muß mer lustig sei, denn de Zeit vergieht, der Sommer rauscht vorbei, 's kömmt der Herbist ra, wu nort all's verdorrt on de Lerich fliegt aah wieder fort. Wenn 's Frühgahr kömmt  Spürst du net, wie draußen e lind's Lüftel wieder streicht, wie sich hie on do e manichs Sommerflackel zeigt, härscht du net dos Spatzenmannel, wie's lustig schreit: Mensch wach auf! Es kömmt de Frühlingszeit! Traa la la tra laa, traa la la tra li, of der Walt werd's wieder schie!  Guck när naus, wie 's draußen leint on wie der Schnee zetaat, der Färschter sogt: ""Es balzt aah schu der Birkhah in der Haad."" Härscht du net de Lering on de Finken schlogn, die brenge ons es Frühgahr rauf getrogn. Traa la la tra laa, traa la la tra li, of der Walt werd's wieder schie!  Es scheint e warmer Sonnestrahl zen Stübelfanster rei, on draußen singt e Handwerksborsch: „Der Winter is vorbei!"" Der Starl hot 's volle Toberich, daar putzt sei Haifel aus, der Hah, daar tut sich kampeln hintern Haus. Traa la la tra laa, traa la la tra li, of der Walt werd 's wieder schie!  De Vögele komme flöchenweis, der Vugelsteller lacht, in Wald hot's Hasel voller Freid en Bockstürz gleich gemacht, der Holzmacher steckt de pfeif in Brand, der Fohrma lustig schnalzt, es Maadel hot derham de Supp versalzt. Traa la la tra laa, traa la la tra li, of der Walt werd 's wieder schie!  Es singt on klingt, es huppt on springt, es wabelt überol, de Himmelschlüssele, Buschwindrösle blühe schu in Tol, drüm loßt die alten Sorgn derham on loßt ons lustig sei, es Frühgahr kömmt, der Winter gieht vorbei. Traa la la tra laa, traa la la tra li, of der Walt werd 's wieder schie!",,https://www.sachsen-lese.de/streifzuege/mundartliches/wenn-de-lerich-singt/,2026-07-10,Anton Günther,,,poetry,2167
158,"Wenn dorch ne Schnee de Glöckeln blüh, do gieht mer naus in Garten. Do häng mir'n Star sei Kastel na un gucken uns de Baameln a, Is oder bal uf Ustern hie, do kinn mir'sch kaum derwarten. Wenn Mailuft weht, der Wunnerbaam hot rut un blaae Blüten, do huln mir uns a Birkel rei un trogn ne Wald ins Stöbel nei. De Pfingstzeit, dos is mei Labn, die soll mir Gott behüten! Wenn Summer is un weit un brat de dunkeln Wälder rauschen, de Vugeln schnattern mannig Lied, ach, wie's mich da ins Freie zieht! Dos is gewiß a schiene Zeit, die mächt ich net vertauschen.",,https://www.sachsen-lese.de/streifzuege/mundartliches/wenn-dorch-ne-schnee-de-gloeckeln-blueh/,2026-07-10,Kalender für das Erzgebirge und das übrige Sachsen,,1911,poetry,557
159,"Viel tausend Vögle singe weit offm Aardenrund, 's gibt halt a jeds mit Klinge sei Vugelherzel kund. Doch här ich Fink un Zeissig un Stillitz, Zippenhah, do waar ich salber flessig, un fang ze singe a. Viel tausend Blume blühe off Gottes schiener Aard, dos is a lustig Sprühe un wuhl a Liedel waart. Doch reicher is dos Blühe off Barg- un Wiesenpracht, weil dort mit Glanz un Glühe de Sonn am schönsten lacht. Viel tausend Bachle schicken ihr Wasser naus ins Land, un Blum' un Graasle nicken su schie vun Rand ze Rand. Doch här ich's Bachel rauschen in Tol un Hammetgrund, do muss ich stieh un lauschen, bis mir de Seel is wund. Wuhl rauschen tausend Fichten in Wäldern weit un braat, de wissen viel Geschichten von Menschenlust un -laad. Doch här ich all dos Klinge do druhm in Dammerlicht - dos tut ins Herz mir dringe, weil su de Haamit spricht.",,https://www.sachsen-lese.de/streifzuege/mundartliches/wenn-tausend-voegle-singe/,2026-07-10,Hans Siegert,,,poetry,847
160,"Wenn‘s in Winter schneie tut, glitzern tut der Schnee, hul ich mir menn Schlieten raus, naus gieht‘s of de Höh; un do ward siech aufgesetzt. Hei,dos gieht geschwind, saust mer su ne Bargel no wie dr böhm‘sche Wind. Tralalalala, wie is dos schie, wenn mir könne ruscheln gieh. Tralalalala, wie is dos schie, ka mer ruscheln gieh. Wenn‘s in Winter schneie tut, ´s ka Stoppen Bah, such ich mir de Schneeschuh har, schnall mer fix se nah. Do gieht‘s über Wies‘ un Fald, fix bargo, fix bargauf. Haat‘s enn aa a paamol hie, stieht mer wieder auf. Tralalalala, wie is dos schie, übern Schnee su lecht ze zieh. Tralalalala, wie is dos schie, übern Schnee ze ziehn. Wenn‘s in Winter schneie tut, alles is gefrorn, dass mer vür dar Kält derfriert bal de Nos un Ohrn. Fix de Schlittschuh an de Füß‘ un zer Eisbah hie. Su a Lust, su a Labn dorten spät un frieh. Tralalalala, wie is dos schie of dr Eisbah spät un frieh. Tralalalala, wie is dos schie, dorten spät un frieh. Wenn‘s in Winter schneie tut, störme aa dreinei, sitzt dr Lob an Ufen dra, kachelt tüchtig ei, weiß nischt vun dar Harrlichkeit, die do draußen is, denkt sich: Olbern sei de Leit, dos is ganz gewiss! Tralalalala, wie bist du dumm, kumm ner raus, mei Lob, kumm kumm. Tralalalala, wie bist du dumm, kumm ner raus, kumm, kumm.",,https://www.sachsen-lese.de/streifzuege/mundartliches/wenns-in-winter-schneie-tut/,2026-07-10,Otto Peuschel,,,poetry,1284
161,"Dr Hustersch Lob war aaner, der‘sch hintern Uehrne gehatten hoot. Wenn mer ne neis Gesicht sohch, hoot mer net geweßt: Lacht der oder greint der, oder tutt der alles beeds ze gleicher Zeit. ‘R war sinst net schlecht droa; när wenn‘r sei alts, baufelliges Haisel esue oasohch, do hot‘r allemol oa ze seifzen gefange. ‘R hatt siech lang längst e neies, massivs Haus baue welln, hoot aber immer net geweßt, wie ‘r af e oaständige Art und Weis de alt Hütte wegbrenge kunnt. Fersch neie Haisel mußt doch vererscht Platz geschafft wern. Selber wott‘r nu aah net gerod e Schwefelhölzl noahalten, und e annerer hoot ne halt ebn den Gefalln aah net getoa. Ober weg mußt‘s. Und des warn esue Sorgn, die‘r nu freilich net esue mir nischt – dir nischt jeden neis Maul schmiern kunnt. Emol hoot‘r duebn Öbebueden sei glühnigrte Tobakspfeif ganz zufelligerweis über enn klann Heihaifele ausgeklopft und hoot noochert unten droa dr Holztrepp e wing gehorcht und gelauscht, ob‘s do duebn net ball oa ze knistern und ze prasseln fengt. Pfeifele! Des Luderzeig hoot kaa Feier gefange. Ober weg mußt‘s. Und do is emoll dr Zufall ze Hilf kumme. ‘R is gerod ummst Essen geween und hoot seine Spälkele neigedrosselt. Do is ne af aamoll e setter schiener brenzlicher Geruch nei de Nas kumme. Sei Fraa störtzt ganz außer Oten zer Tür rei, schlägt de Händ übern Kopf zamm und sogt, aß dübn ben Nachbarn brenne tet. Do hoot dr Loob wieder e Gesicht gemacht, wue mer net geweßt hoot: Lacht der oder greint der, oder tutt der alles beed’s ze gleicher Zeit. Noochert macht‘r vorne naus dr Gass‘ und paßt miet auf, wie sei Nachber brennt. Lichterloh hoot‘s gelummert. Besetten alten ausgedörrten Holzhaislen, do gob‘s kaa Rettung meh! Wenn die aamol Feier gefange haben, do war Ruh. “Ach, brennt den sei Haisel schie!” denkt dr Lob und schielt oh und zu emoll verstuehlns nüber zu sich. Kaane 20 Schriet endoa, do stund seins. Do hoot‘s af aamol geklörrt, und de Hitz hat dübn be sann Haisel’s Giebelfenster neigedrückt.- Itze hoot dr Lob wieder de schennste Hoffning gehatten. “Ach, wenn‘s dr liebe Gott doch när e wing gut maanet!” denkt‘r, itze wär doch e sette schiene Gelegnet. Und neigierig hoot‘r jeds Feierfünkele verfolgt, des nüber ze ihn zu gefluegn is. Ober sei Haisel wott und wott ebn net miet oafange. Do störtzt af aamol dr Traugott, wos sei Schwoger is, afne zu und weist mit dr Hand nauf des zerbrochene Giebelfenster, wue itze de klann Leichtkeferle trämpeleweis dorterimfliegn und siech droa ne Gebälk aufreihe wie e ruete Parleschnur. “Lob”, sogt‘r, “schau nauf, wenn de do net geleich ewos drgegn machst, do giehet fei die Zeig aah miet fort!” “Maanst de?” tutt do dr Lob derschrocken. “Nu, in Gotteshimmels willn! Des welln mer ober ostzitogeleich ohstelln.” Dodrmiet rennt‘r, wos ‘r när koa, hinter sei Schupf, schlaapft 4 Schieten Strueh nauf sei Öberstu, stopft und rammelt dodrmiet des zerbrochene Giebelfenster zu, und - kaane 5 Minuten – do hoot sei Haisel aah miet gelummert… E Goahr drauf hoot‘r an derselbn Stell sei massivs Haus dortenstiehe, und wenn de Leit emoll af den Brand ze reden kumme, do macht dr Lob wieder e Gesicht, wue mer net waß: Lacht der oder greint der, oder tutt der alles beeds ze gleicher Zeit. Und nochert sogt‘r allemoll: “Iech ho de alt Hütt in letzten Augenblick noch retten welln, ‘s hoot ober fei alles nischt genützt.”",,https://www.sachsen-lese.de/streifzuege/mundartliches/wie-dr-hustersch-lob-zu-sann-neie-haisel-kumme-is/,2026-07-10,Willy Rudert,,,poetry,3350
162,"Übersch Vuegtland und aah übersch Erzgeberg hot sue e Schofkopf vun enn Büchermacher - ne Name ho ich vergessen, wie'r gehissen hot - sue viel Lügn ne Leiten weisgemacht, un andere Bücherschreiber und sinstige gescheite Leit habn's ne noochderziehlt und nochgeschriebn, aß's ann de Leit gar nimmer glaabn well'n, wenn mer'n sogt: ""Gett mr när weg mit eier'n Mootsch. 'S is net esue schlimm be uns mit dr Kelt und mit ne Schnie und mit ne Erdepfelessen und ne Kaffeetrinken, wie's ne Leiten drunten in Niederland virgeredt werd!""  Kaaner hot sich über die alten Lügn in sann Lebn mernergeargert wie dr alte Pummerfranz. 'R wur sue gehissen, weil'r immer en Pummer gehalten hot. Dr Franz war aah e alter, guter tüchtiger Mah, der kaa Kind belaadign kunnt. Ober wenn ne aans wos Uhrechts über sei Vuegtland gesogt hot, noochert war'r epper kaa Feiner, do kunnt'r 'sche ne Leiten stecken und hot's  ne gesteckt, aß se de Köpf neigezuegn habn wie de arme Sünder.  Emoll hot'r fer enn Viehhännler enn Trieb Ochsen nunter af Leipsig geschafft. 'R is dort in enn Gasthuef eigekehrt, und de Leit habn ne ausgefregt, wue'r her wär und wos'r do in Leipsig machet und esue fort. Wie'r no gesogt hot, aß'r sei Haamet in Vuegtland hett, habn ne de Leit barmharzig ahgeschaut und habn gemaant: ""Ach, Sie armer Mann! Aus diesem Sibirien sind Sie, wo man den Sommer kaum kennt und der Winter, der schreckliche Winter, Ihnen das Eis in Massen und den Schnee in der Höhe von mehreren  Ellen bringt, wo der Wind Ihnen die Schnehwehen zehn, fünfzehn Ellen hoch auftürmt, wie wir schon oft gelesen und in der Schule gehört haben! Oh, Sie armer Mann, Sie armer Mann!"" ""Fuffze Ehln"", hot dr Pummerfranz gesogt, ""des is gar nix; be uns leit dr Schnie oft sechzig, aah achtzig und wuehl neinsig Ehln huech!"" Do habn de Leit Maul und Aagn aufgesperrt und immer wieder gesogt: "" Ach! Die armen, armen Leute!"" Ober dr. Pummerfranz hot siech net irr machen lossen und hot immer watterfort derziehelt: ""Hah, kumme Se när emol nauf ze uns und senne se unnere huehng Fichten und Tanne ah! Wos des fer Baamer sei! Die sei manichs Mol wuehl hunnert Ehln huech. Und wos glaabn Se denn? Do leit sen aah noch drauf bis nauf de öberschten Giebel. Kumme Se ner emol nauf un senne Se siech's ah!"" Do habn de Leit immer noch Maul und Aagn aufgesparrt, ober gesogt habn se nix mehr.",,https://www.sachsen-lese.de/streifzuege/mundartliches/wie-huech-dr-schnie-leit/,2026-07-10,Louis Riedel,,,poetry,2339
163,"Gestern war ich drauß‘n Wald kaa Schwammel war ze sah. Bie überol rümhargewürgt un hatt bluß kalte Ba. Ne Wag zengst naus durchn Klötzerwald, dan harrlichn Buchnwald na, de Hirschlack nauf bis ofn Barg, ´s kam bal der Mittig ra. Nu dacht ich: Wart nær, nu is Schluß, die Laaferei härt auf. ´s Sackel stok noch leer in Rock un ‘s Masserle ubn drauf. De Hemmbarger Wand ging ‘s laut neizu. Vun Schwamme gar kaa Red. ´s war nischt ze sah, un vunne Gahr, do standen se wie geseet. Un wenn ich en getroffen hob, dan ging ‘s genau wie mir: ‘s tat geder wie spaziern bluß gieh, ‘s war geden wie schenieren. Ich bie noch nei zen Poller-Mann un hob for mich gelacht. A Schieböcker un aa mol Bier hot allus gutgemacht. Un hamzu hob ich Hosenfutter for de Hasle ogeruppt. Die sei im Stalle kreiz un quar vor Frad rümhargehuppt. Mr muß abn Gott for allis danken of unnerer schinn Ard. Un wenn ‘s aa kaane Schwamme gob, der Spaß war doch wos wart.",,https://www.sachsen-lese.de/streifzuege/mundartliches/wu-heier-bluss-de-schwamme-stacken/,2026-07-10,Albert Schädlich,,,poetry,934
164,"Heit haben mer de Kerwe, drim sei mer sue frueh, de Mutter kocht Ludeln und Rindflaasch drzu, aah Wickelkließ haben mer, vun waazene Mehl, und Flaasch, wos mer haben miegn, drim sei mer fidel. De Kerwe sell sell kumme vun „Kirchweihfest“ her, kaa Mensch denkt zer Kerwe eich an de Kerch mehr; an Essen und Trinken werd heit nähr gedacht, gespielt und gesunge, geolbert, gelacht. Acht Tog vur dr Kerwe giehet’s Hungern drauf ah, und sei de Kuhng fartig, nooch mach mer uns nah. ‘s is eich be meiner Seel oft net ze sogn, weler Buhzen neigiehet in enn hungrigen Mogn! Wos braucht mer fer siech und de aagne Leit! Und wenn nu erscht gar e Herd Fremme ahzeit! Wenn Kerwegäst kumme, des fraat ann wuehl sehr, doch genne se wieder, fraat’s ann oft noch mehr. Zer Kerwe, do geign se und blosen se aah, und Gunge und Maadle, die schmeißen de Baa, und ‘s fährt epper net in de Gungen ellaa, ‘s tanzt dr alt Voter mit dr Mutter enn Raa. Wer bei seiner Alten hockt gahraus, gahrei, zer Kerwe, do schleicht’r ins Wirtshaus miet nei. Des sei nooch de schlimmsten, des könnt’r mr glaabn, wenn die’s nähr derschmeckt haben, die miegn nimmer haam. Zer Kerwe is alt und gung, alles fidel; und wern de Köpf schwerner, werd manchmol Krackeel. Des is eich e Lust, do giehet’s lebhaftig her, ‘s kriegt mancher e Schell miet, ‘r waß net wuher. Drei Tog giehet’s sue fort, nooch is alles verbei, nooch essen mer barfessen Erdepfelbrei; und schmeckt’s r net, denk mer, wie’s zer Kerwe schie war, und fraae uns wieder afs kummete Gahr.",,https://www.sachsen-lese.de/streifzuege/mundartliches/zer-kerwe/,2026-07-10,Louis Riedel,,,poetry,1510
165,"Zu Neijahr hatt'ch mer vorgenomm, De Daache alle wiese gomm, Zu gondrolliern druff, obse nich 'ne gleene Freide hamm fier mich. Un wärklich, änne Gleenichgeet Zum Frei'n gab's bei mir jederzeet. Jn mein Galänder malte ich Drum unter jeden Daach ä Schtrich. Un wie nu's Jahr zu Ende war, da zählt' ich deitlich, zählt' ich glar Dreihundertfinfunsächzichs Freiden. (Dadsächlich, ich bin zu beneiden.)",,https://www.sachsen-lese.de/streifzuege/mundartliches/zu-neijahr/,2026-07-10,Lene Voigt,Leipzig,,poetry,398
166,"Zum Schnäderedäng, zum Schnäderedeng, de Luft is raa vun Plaue bis nooch Falk'nschtaa. Ja Dreher tanz'n is mei Leb'n,is ka doch gar nischt Schönersch gem als wie in Tüchting Dreher hee, der is doch gar ze schee. Un geht's an da Schtiefelsuhl'n die mog meintwöng d'r Teuf'l hul', der Schust'r macht m'r neue Schuh', drin tanz ich immer zu. Zum Schnäderedäng, zum Schnäderedeng, de Luft is raa vun Plaue bis nooch Falk'nschtaa. De Marie mit ne Christian, D'r Hein'r mit d'r dick'n Ann. Un guck'n unre Alt'n zu Wie mir uns drehe rumm su D'r Kant'r mit d'r Bauerschfraa, Do denk'n sa gewiß mit Freud Die tanz'n Dreher aa Na Herr vom Gut' den kimmt's o aa, Der packt de gunge Wört'n aa Un lustig wie a Wörb'lwind Geht's dorch ne Saal geschwind Zum Schnäderedäng usw. Zum Schnäderedäng usw.",,https://www.sachsen-lese.de/streifzuege/mundartliches/zum-75-todestag-von-hilmar-mueckenberger/,2026-07-10,Hilmar Mückenberger,Vogtland,<1937,poetry,784
167,"Wir winschen eich in neien Gahr viel Glück un Se'ng immerdar, Gesundheit un e langes Läm, das mag eich Gott vun Himmel gäm. Mein Sprichlein is zwar klein, doch wahr: Ihr sollt glücklich sein in diesem neien Gahr!",,https://www.sachsen-lese.de/streifzuege/mundartliches/zum-neuen-jahr/,2026-07-10,,Erzgebirge,,poetry,212
168,"Ich wünsch eich aah e neies Gahr, das alte is vergange. Dass‘s besser ward wie‘s alte war, me kamr net verlange. Dos is mei Wunsch zun neie Gahr: ‘s söll besser sei, wie‘s alte war: Ne Stall vull Härner (Vieh) ne Buden vull Kärner (Getreide) ‘s Wasserhaus vull Millich, kann Menschen nischt schillig (schuldig). Grüss dich Gott, du neies Gahr! Viel Segn, Fried un Glück dos brengst du doch wuhl mit!",,https://www.sachsen-lese.de/streifzuege/mundartliches/zun-neie-gahr/,2026-07-10,Volksmund,,,poetry,399
169,"Achterbahn der Gefühle auf der @annaberger_kaet Es ging weit nach oben und steil nach unten. Zwischen G-Kräften, leckerem Essen und viel Spaß kamen mir doch einige erzgebirgische Wörter in den Kopf. Zum Glück war das das einzige was mir in den Kopf geschossen kam Wie sieht's bei Dir aus? Adrenalinjunkie oder schaust Du's Dir lieber von unten an und genießt Essen und Atmosphäre?","Achterbahn dr Gefihle auf dr Annebarger Kaat. Is ging weit nooch uuhm und steil nooch unt'n. Zwischen G-Kräften, leckerm Assn un viel Spoß kame mir doch einiche arzgebargsche Wertor in dn Kopp. Zen Gligg war's is eenzsche wos mir in dn Kopp geschossn kam Wie sieht's bei Dir aus? Adrenalintschankie oder guckst De Dir's lieber von unt'n ah und genießt Assn und Atmosphäre?",https://www.instagram.com/p/DZVOe5ON7dg/,2026-07-20,@simplysaxony,Erzgebirge,2026,instagram,380
170,"Manchemol kennt mr ehfach ausflipp'n. Un in bester Mundart flippt sich's doch glei viel besser oder? Egal ob Krak'l, Rotz oder Bleedmaa, de Luft muss naus. Welches Wort liegt Eich direkt auf dr Zung wenn's ze viel ward?","Manchmal könnte man einfach ausflippen. Und in bester Mundart flippt sich's doch gleich viel besser oder? Egal ob Krak'l, Rotz oder Bleedmaa, die Luft muss raus. Welches Wort liegt Euch direkt auf der Zunge wenn's zu viel wird?",https://www.instagram.com/p/DZDM8SYtOrb/,2026-07-20,@simplysaxony,Erzgebirge,2026,instagram,219
171,"Ab in de arzgebargsche Kich. Allene in arzgebargschen Kochbichern lauern su viele grußartiche Begriffe, aber losst uns arschtmol mit de Grundloong ahfange. Vom Schneidbraad'l bis zen Kließlhebor. Welche Gerichte und Begriffe fall'n Eich noch ei? Itze bi iech abor raus, iech hob Hunger","Ab in die erzgebirgische Küche. Alleine in erzgebirgischen Kochbüchern lauern so viele großartige Begriffe, aber lasst uns erstmal mit den Grundlagen beginnen. Vom Schneidbraad'l bis zum Kließlhebor. Welche Gerichte und Begriffe fallen Euch noch ein? Jetzt bin ich aber raus, ich hab Hunger",https://www.instagram.com/p/DYxMlAyNLnH/,2026-07-20,@simplysaxony,Erzgebirge,2026,instagram,285
172,"War kennt de Werter die keener kennt??? Dis war e Fast, 150 Musiker fir Anton Günther un mir mittendrinne. Auf dr Bühne in besten Ausblick auf Eich alle gewurfn un unten ner feine Leit vor de Kamera gezerrt. Un noch mehr feine Leit getroffn. Dr Anton hätt siech gefreet. Aber itze mol Butter bei de Fische bzw. Semf of de Brotworscht, war von Eich kennt de arzgebargsche Werter die sonst keener kennt???","War kennt de Werter die keener kennt??? Das war ein Fest, 150 Musiker für Anton Günther und wir mittendrin. Auf der Bühne den besten Ausblick auf Euch alle geworfen und unten ner feine Leit vor die Kamera gezerrt. Und noch mehr feine Leit getroffen. Dr Anton hätte sich gefreet. Aber jetzt mal Butter bei die Fische bzw. Semf of de Brotworscht, wer von Euch kennt de erzgebirgische Wörter die sonst keener kennt???",https://www.instagram.com/p/DYfJ0DNNz-w/,2026-07-20,@simplysaxony,Erzgebirge,2026,instagram,403
173,"Welches Lied von Anton Günther is Dei Liebstes? Zen kommenden ""150 Musikanten für Anton Günther"" Event von @kuk_erz gibt's ene Mundart Monday Spezialfolge, de kaum ener hot unre Mundart su geprägt wie er. E echter Erzfluencer seiner Zeit. Bist De am 17. Mai miet am Start in @stadt_annaberg_buchholz ?","Welches Lied von Anton Günther ist Dein Liebstes? Zum kommenden ""150 Musikanten für Anton Günther"" Event von @kuk_erz gibt es eine Mundart Monday Spezialfolge, denn kaum einer hat unsere Mundart so geprägt wie er. Ein echter Erzfluencer seiner Zeit. Bist Du am 17. Mai mit am Start in @stadt_annaberg_buchholz ?",https://www.instagram.com/p/DYNIU5BtzZG/,2026-07-20,@simplysaxony,Erzgebirge,2026,instagram,301
174,"Gliggauf ihr Leit! An dr Drehbank fliegen de Spää – und wos machn mr drmit? Richtsch, arschst flieng se ins Aach und drnooch machn mr drmit e Huscherle im Ufn Ihr wisst ja: Huscherle (e scheenes kleenes Feier ahzinden) war letztes Gahr offiziell is Wort des Gahres im Arzgebirg. Aber itze seid IHR drah! Mr suchen is Wort des Gahres 2026! Welcher arzgebirgsche Begriff hot's dieses Gahr vordient, ganz uum ze stihe? 1Soocht ihr bei eich Spaa, Spää oder doch wos ganz annersch? 2Wos is Eier Vorschlooch fir is neie Wort des Gahres? Schreibt’s mir nei. Iech bi gespannt wie e Flitzebuung.","Glück auf ihr Leit! ​An der Drehbank fliegen de Spää – und was machen wir damit? Richtig, erst fliegen sie ins Aach und danach machen wir damit e Huscherle im Ufn ​Ihr wisst ja: Huscherle (ein schönes kleines Feuer anzünden) war letztes Jahr offiziell das Wort des Jahres im Erzgebirge. Aber jetzt seid IHR gefragt! ​Wir suchen das Wort des Jahres 2026! Welcher erzgebirgische Begriff hat es dieses Jahr verdient, ganz oben zu stehen? ​1Sagt ihr bei euch Spaa, Spää oder doch was ganz anderes? 2Was ist euer Vorschlag für das neue Wort des Jahres? ​Schreibt’s mir nei. Ich bin gespannt wie ein Flitzebogen.",https://www.instagram.com/p/DX7GrSdNQ5c/,2026-07-20,@simplysaxony,Erzgebirge,2026,instagram,586
175,"Arzgebargsch-Vokabeltest: De „Husn“-Edition! Is gibt Wertor, die muss mr ehfach fühln. Heit klärn mr mol de warklich wichtschn Froong im Arzgebirg: 1Wos is dr Unnerschied zwischn Haasn, Hoosn un Huusn? 2Warum sollte mr im Sommer dringend seine „Kaas-Bee“ lüftn? 3Un welche „Hus“ hob iech in dr List komplett vorgassn? Schreibt mir eire Dialekt-Favoriten in de Kommentare!","Erzgebirgisch-Vokabeltest: Die „Husn“-Edition! Es gibt Wörter, die muss man einfach fühlen. Heute klären wir mal die wirklich wichtigen Fragen im Erzgebirge: 1Was ist der Unterschied zwischen Haasn, Hoosn und Huusn? 2Warum sollte man im Sommer dringend seine „Kaas-Bee“ lüften? 3Und welche „Hus“ habe ich in der Liste komplett vergessen? Schreibt mir eure Dialekt-Favoriten in die Kommentare!",https://www.instagram.com/p/DXpFJuztr79/,2026-07-20,@simplysaxony,Erzgebirge,2026,instagram,371
176,"1. Nu saht naus wie's wattern tut, saht naus wie's schneit, heit känn' mr net ham gieh denn dr Wach is za weit, heit känn' mr net ham gieh, denn dr Wach is' za weit. E nu sa ja, e nu sa ja, drem bleibn mr noch a weng do, e nu sa ja, e nu sa ja, drem bleib'n mr noch a weng do. 2. Ja heit be dan Watter Do känn' mr net ham gieh, |:Mr kännt'n sich verlafn On wisst'n net wuhie. :| Chor: E nu sa ja, u. s. w. 3. Wos wolln mr denn mach'n, Wos wolln mr denn treib'n, |:Be dan Watter iss en best'n, Wenn mr do sitz'n bleib'n. :| Chor: E nu sa ja, u. s. w. 4. Da Ther is' verwattert. Da Fanster sei gefrorn, |:Owerhenna en dan Schtül Iss gemüthlicher word'n. :| Chor: E nu sa ja, u. s. w. 5. Heit schlüs'st mr kan Hund naus Heit müsst mr drfrern, |:Drem tut när racht flässich En Ufn nei schern. :| Chor: E nu sa ja, u. s. w. 6. Schenkt när noch a Halwa A Halwa schenkt ei, |:Mer bleib'n heit noch lustig War wass wu mr morgn sei:| Chor: E nu sa ja, u. s. w.",,https://www.sachsen-lese.de/streifzuege/lieder/lieder-von-anton-guenther/bleibn-mr-noch-a-weng-do/,2026-07-20,Anton Günther,Erzgebirge,1902,poetry,951
177,"1. An dr Grenz ve Sachsn, wu de Schwarzbeer wachsn, wu sich Braatnboch hiezieht, wu’s nem nooch Hansgörgnstodt gieht, dortn stieht a Wirtshaus guckt dorch Busch on Baam raus ubn is aa a Tafl drah, die zeicht’s en jedn ah: Dos is de Draackschänk, is weit on braat bekannt, weit rem in Sachsn wie in Böhmerland, on gieht mr dort verbei, do räßt’s en jedn nei, war in dr Draakschänk ruht, dar klabt aa gut 2. Drackit klingt dar Nahma, dos is rachter Sahma, Wos do in dan Wirtshaus is, denkt a manicher ganz gewiß, Doch sitzt aaner drinna, griecht’rsch aa ball inna, Manicher Grienerts is net rut on singt sei Liedl gut. Refr. Su is mit’r Draackschänk usw. 3. När dos guta Assn, dos mächt mr orndlich frassn, Bier on Wei in Hüll on Füll, alles gut on kost net viel, Is mr aweng besoffn, kah mr aa dort schlofn, De ganza Nacht, en ganzn Toch, wenns paßt, de ganza Woch. Refr. Su is in dr Draaksch. usw. 4. Neilich war ich drinna, ich worsch aa ball inna, Gesonga habn mr on gelacht, bis tief nei in sinkiter Nacht, ’s Bier war gut on’s Assn, ich hett ball drauf vergassn, Su a Hetz on su a Labn, ich kam ball nimmer ham. Refr. Schuld war de Draackschänk usw.",,https://www.sachsen-lese.de/streifzuege/lieder/lieder-von-anton-guenther/de-draackschaenk/,2026-07-20,Anton Günther,Erzgebirge,1904,poetry,1153
178,"In Winter, wenn 's oft störmt on schneit, wenn's wattern tut wie net gescheit, wenn 's Windwehe schmeßt bis an Fanster ra, deß mer oft net naussaah ka, on is derzu racht pfaarisch kalt, deß mer kan Hund nausstußen tut, ja do is an schönnsten of der Ufenbank, wenn es Pfeifel brennt, werd de Zeit net lang, wenn es Feier brasselt is in Stübel warm, do ka's wattern, deß Gott erbarm. On wenn mer Obnd oft hutzen gieht, do is mer fruh, wenn mer es Haifel sieht. Mer muß oft woten bis an de Knie, ober es is waß Gott ganz schie. O)n kömmt mer nort in Stübel nei, haaßt's: „willkomme, namm när Platz. Komm setz dich mit of der Ufenbank, zünd e Pfeifel a, werd de Zeit net lang, wenn es Feier brasselt is in Stübel warm, do ka's wattern, deß Gott erbarm."" On sitzt mer nort racht schie besamm, do is Gemütlichkeit on Laabn. Do werd erzöhlt on Hetz gemacht bis oft nooch Mitternacht. Der Kaffeetopp stieht in der Rähr, waar will, daar schö'ppt sich ei. On do setzt mer sich halt of der Ufenbank, denn ben Raffeetopp werd de Zeit net lang, wenn es Feier brasselt is in Stübel warm, do ka's wattern, deß Gott erbarm. Hot aaner oft racht weit ze gieh, do muß 'r in Winter viel ausstieh, do zwickt 's in de Hand on in de Ohrn on der Bart is eigefrorn. Ober kömmt mer ham, werd sich ausgezugn, en Schnee dan stampt mer o. On do setzt mer sich halt of der Ufenbank, zünd e Pfeifel a, werd de Zeit net lang, wenn es Feier brasselt is in Stübel warm, De Ufenbank die is aah gut, wenn 's derham e Mol gewittern tut, wenn de Fraa brommt on net aufhärn will, is der Ma ganz aafach still. Er sogt gar nischt on denkt derbei: Die hart schu wieder auf. Er setzt sich halt of der Ufenbank, zünd e Pfeifel a, werd de Zeit net lang, wenn es Feier brasselt is in Stübel warm, do ka's wattern, deß Gott erbarm. On is mer in der Fremd, uje, do sieht mer oft kaa bissel Schnee, ve Gemütlichkeit ist aah kaa Red, on es Hutzengieh kennt mer net. Do denkt mer freilich manichsmol, is mer su e motterlaa: Ach wie schie is derham of der Ufenbank, wenn es Pfeifel brennt, werd de Zeit net lang, wenn es Feier brasselt is in Stübel warm, do ka's wattern, deß Gott erbarm. Of der Walt, do is schu immer e su, do streiten de Leit on hobn kaa Ruh. E jeder will wos Bessersch sei on bild sich enn Stiefel ei. Do is an besten mer nimmt sei pfeif on lacht sich när aans derzu. Denn an schönsten is of der Ufenbank, wenn es pfeife! brennt, werd de Zeit net lang, wenn es Feier brasselt is in Stübel warm, do ka's wattern, deß Gott erbarm.",,https://www.sachsen-lese.de/streifzuege/lieder/lieder-von-anton-guenther/de-ufenbank/,2026-07-20,Anton Günther,Erzgebirge,,poetry,2496
179,"In der Fremd draußen, Kinner, ihr känt mer'sch gelaabn, do sog ich när immer: ""Derham is derham."" Do draußen in der Walt, ja do gieht's pulisch zu, wos der aane aufmacht, macht der andere zu. Ze gener Zeit, wu mer mußt diene zwölf Gar ben Militär, stand aaner ve de Guttsgoh in Ungarn ontern Gewehr. Zwölf Gar mußt'r diene, kaamol dorft'r ham, in jedem Brief schrieb'r: Motter, derham is derham. De Bordenhannler raasen viel rüm in der Walt on huln sich of'n Winter e paar Kreizer Gald. De Musiker komme oft gahrlang net ham, ober draußen sogn se alle: ""Derham is derham."" On kömmt aaner naus, daar noch net draußen war, do dauert's net lang, werd dos Sprichwort aah wahr. 'r sogt, derham ka mer'sch Hem in der Stub gleich azieh, in der Fremd muß mer dermit erscht of'n Buden naufgieh. Dos hot mer mei Tog schu ve de Alten gehört, on danen hot's wieder ihr Vater gelehrt. Drüm sogn mer aah derbei: ""Derham is derham, när derham mächt ich sei.""",,https://www.sachsen-lese.de/streifzuege/lieder/lieder-von-anton-guenther/derham-is-derham/,2026-07-20,Anton Günther,Erzgebirge,,poetry,943
180,"Ich gieh' en da Schwamma Früh wenn d'r Toch grät, Wenn de Vögl schü' senga Gieh' ich über d'r Had'. On komm ich en Wald nei Bi' ich wie drham Mich kennt a jed's Flackl, Ich kenn jed'n Bam. Ofn erschte'n Blick sah' ich's An Fichtl schuh' a' Eb onter de Est wu A Pilzl schtieh kä'. Su laf ich en Wald 'rem Bergauf un' bergo. On' such' a su lang. Bis ich's Sackl vull ha'. Wie schü' is' en Wenter, Hot mer Schwamma en Haus Do macht mer ena Supp'. Oder Schwammasoß draus. Ich bi 'a Schwammagieher On bleib' a' drbei. Ich gieh' en da Schwamma, Su lang' Schwamma sei.",,https://www.sachsen-lese.de/streifzuege/lieder/lieder-von-anton-guenther/dr-schwammagieher/,2026-07-20,Anton Günther,Erzgebirge,1898,poetry,561
181,"1. De Sonn steigt hintern Wald drüb'n nei, besaamt de Wolken ruut: a jeder legt sei Warkzeig hie un schwenkt zen Gruß senn Hut. 's is Feierobnd, 's is Feierobnd, es Togwark is vollbracht, 's gieht alles seiner Hamet zu; ganz sachte schleicht de Nacht. 2. Un übern Wald a Vögele fliegt nooch senn Nastel zu, vun Darfel drüb'n a Glöckel klingt, das mahnt: Legt eich ze Ruh! 's is Feierobnd, 's is Feierobnd... 3. Do zieht's wie Frieden dorch der Brust, es klingt als wie a Lied. Aus längst vergangne Zeiten rauscht's gar hamlich dorch's Gemüt. 's is Feierobnd, 's is Feierobnd.... 4. Gar mannigs Herz hot ausgeschlogn, vorbei is Sorg un Müh, un überm Grob ganz sachte zieht a Rauschen drüber hie. 's is Feierobnd, 's is Feierobnd...",,https://www.sachsen-lese.de/streifzuege/lieder/lieder-von-anton-guenther/feierobnd/,2026-07-20,Anton Günther,Erzgebirge,,poetry,730
182,"Frisch ihr alten Kameraden, heit sing mer e Mol e Lied. Gieht alle z'samm in gleichen Schritt, ihr hinten dra singt aah fest mit. Waar schützt de alte traute Haamit en ganzen Volk zer Ehr, of Berg on Tol, in Stadt on Land, dos is de Feierwehr. Denn in Gefahr, in Lust on Freid, in Feierschnut, in Kampf on Streit, en Nächsten zer Wehr on Gott zer Ehr is immer hilfsbereit ze jeder Zeit de Feierwehr. Gut Schlauch, gut Wehr, gut Schlauch, dos is Feierwehrmanns-Brauch. Be Storm on Blitz on Ugewitter, wenn's irgndstwu brenne tut, do rückt nort a ve kreiz on quer mit Spritz on Schlauch de Feierwehr. On is de Feierschglut gedöbert, nort kehr mer lustig ei, on löschen aabn, wu 's brenne tut, gelöscht muß alles sei. Denn in Gefahr, in Lust on Freid, in Feierschnut, in Kampf on Streit, en Nächsten zer Wehr on Gott zer Ehr is immer hilfsbereit ze jeder Zeit de Feierwehr. Gut Schlauch, gut Wehr, gut Schlauch, dos is Feierwehrmanns-Brauch. Doch be Lust on Fastlichteiten, do rück mer alle aus, ob grüß, öb klaa, ob arm, ob reich, be der Feierwehr sei alle gleich, drüm bleibn mer gute Kameraden in Freid on in Malär on rufen laut aus voller Brust: Gott schütz de Feierwehr! Denn in Gefahr, in Lust on Freid, in Feierschnut, in Kampf on Streit, en Nächsten zer Wehr on Gott zer is immer hilfsbereit ze jeder Zeit de Feierwehr. Gut Schlauch, gut Wehr, gut Schlauch, dos is Feierwehrmanns-Brauch.",,https://www.sachsen-lese.de/streifzuege/lieder/lieder-von-anton-guenther/feierwehr-marsch/,2026-07-20,Anton Günther,Erzgebirge,,poetry,1392
183,"1. Trauta Lieder här ich wieder, Hamlich en dr Mottersproch On tief drenna en da Wälder Klengt dos alta Rauschn noch. Grüß dich Gott o du mei Arzgeberch, Grüß dich Gott du grüner Wald, O wie garn kehr ich ze der zerück, Wu’s su hamlich klengt on schallt. 2. Deina Täler, deina Hüttn, Deina Barch vull Wälder grü’ Konnt ich draußn en dr Fremd erscht Racht begreif’n on verschtieh. Refr. Grüß dich Gott u. s. w. 3. Der g’härt allis, meina Lieder Aus dr Brust tief drenna raus, Denn du host ja ’s schänsta Flackl, Drub’n of’n Barch mei Vaterhaus Refr. Grüß dich Gott u. s. w. 4. Is aa draußn en dr Fremd oft Manichs noch su reich on schü, Du bist mer doch noch viel liewer Du allaa kast mich verschtieh. Refr. Grüß dich Gott u. s. w.",,https://www.sachsen-lese.de/streifzuege/lieder/lieder-von-anton-guenther/gruess-dich-gott-mei-arzgeberch/,2026-07-20,Anton Günther,Erzgebirge,1903,poetry,730
184,"1. Wenn de Blümla nimmer blüha un kaa Vögela läßt meh sei Liedel schalln, wenn de Vugelbeer rut glüha, von de Baamer de Blätter falln. Nort is Harbist worn, allis muß verdorrn, wos su schie geblüht zer Sommerszeit. Schafft fest Haazing rei, ’s muß warm im Stübel sei, wenn’s im Winter stürmt un schneit. 2. Gieht de Sonn schu übern Tog ei un der Naabel drückt sich an de Fanster ra, wenn de langa finstern Obnd sei, kriecht mer wieder an Ufen na: Nort is Harbist worn, allis muß verdorrn, wos su schie geblüht zer Sommerszeit. Schafft fest Haazing rei, ’s muß warm im Stübel sei, wenn’s im Winter stürmt un schneit. 3. Sieht mer hie un do de Robn fliegn, un der Wind saust frostig über Wies un Wald, tut’s von weiten schu nooch Schnee riechn hinnern Barg haar su eisig kalt: Nort is Harbist worn, allis muß verdorrn, wos su schie geblüht zer Sommerszeit. Schafft fest Haazing rei, ’s muß warm im Stübel sei, wenn’s im Winter stürmt un schneit. 4. Is de Gungazeit verschwunden, Lust und Lieb verrauscht, vorbei de schännsten Gahr, hot es Herz sei Ruh gefunden, is der Mensch alt, sei weiß de Haar: Nort is Harbist worn, allis muß verdorrn, wos su schie geblüht zer Sommerszeit. Schafft fest Haazing rei, ’s muß warm im Stübel sei, wenn’s im Winter stürmt un schneit.",,https://www.sachsen-lese.de/streifzuege/lieder/lieder-von-anton-guenther/harbistlied/,2026-07-20,Anton Günther,Erzgebirge,,poetry,1265
185,"Himmelschlüssele, blüh! Draußen is wieder schie, draußen is wieder fei, ´s is dr Winter verbei. Himmelschlüssele, blüh, draußen is wieder schie. ´s Bachel rauscht durch‘n Wald, ´s is aah nimmer su kalt, ´s singt geds Vögele fruh, fliegt senn Nastel schu zu. Himmelschlüssele, blüh, draußen is wieder schie. ´s werd dr Sunntig ball sei, noochert kumm ich vorbei, namm dich miet dorten hi, wu dos Haisel tut stieh. Himmelschlüssele, blüh, draußen is wieder schie. Himmelschlüssele gieh ze menn Madel miet hi! Söllst dos Schlüssele sei in ihrn Herzen tief nei. Himmelschlüssele, blüh, draußen is wieder schie.",,https://www.sachsen-lese.de/streifzuege/lieder/lieder-von-anton-guenther/himmelschluessele-blueh/,2026-07-20,Anton Günther,Erzgebirge,1909,poetry,606
186,"Dort wu de Grenz vun Sachsen is, in Wald de Schwarzbeer blüht, dort wu mer heit noch klippeln tut, in Winter hutzen gieht; do stieht net weit vun Wald derva, sieht kla un ärmlich aus, a Hüttel när aus Holz gebaut, dos is mei Vaterhaus. Dort is dos Flackel, wu ich ho is erschte Wort gehärt, dort wu mei Mutter mir als Kind is Baten hot gelehrt, wu ich als Gung de Ziegn ho getriebn zun Stalle naus - wie war ich doch glücklich do derham in Vaterhaus. Do draußen in der fremden Walt, do find ich halt ka Ruh, de Heiser sei do ganz aus Sta, de Menschen aa asu. A jeder singt a andersch Lied, doch mitten drinne raus, do klingt‘s un ruft‘s: Vergaß fei net derham die Vaterhaus. Dos Heisel is mei liebster Ort, mei Denkn un mei Treibn, wu ich aa rümlaaf un hiekomm, werd när dos Heisel bleibn. Such ich aa in der Fremd mei Brot, muß ich aa wieder naus, ich kehr halt immer garn zurück, ham in mei Vaterhaus.",,https://www.sachsen-lese.de/streifzuege/lieder/lieder-von-anton-guenther/mei-vaterhaus/,2026-07-20,Anton Günther,Erzgebirge,1902,poetry,903
187,"O Arzgebirg, wie bist du schie, mit deine Wälder, ihr Wiesen, Barg on Tol, in Winter weiß, in Sommer grü. O Arzgebirg, wie bist du schie! Be Regn on Sonnenschei, öb's stöbert, störmt on schneit. be Tog on Nacht, obnd oder früh, wie haamlich klingst du doch, du deitsche Mottersproch! O Arzgebirg, wie bist du schie! In Frügahr, wenn der Schnee zetaat, de Wasserle fließen, de Beer blüht in der Haad, wenn's sommt on singt in aller Früh. O Arzgebirg, wie bist du schie! Be Regn on Sonnenschei, öb's stöbert, störmt on schneit. be Tog on Nacht, obnd oder früh, wie haamlich klingst du doch, du deitsche Mottersproch! O Arzgebirg, wie bist du schie! On wenn de Schwarzbeer zeitig sei, de Saasen klinge, wie duftig richt nort's Hei, nort ka mer in de Schwamme gieh. O Arzgebirg, wie bist du schie! Be Regn on Sonnenschei, öb's stöbert, störmt on schneit. be Tog on Nacht, obnd oder früh, wie haamlich klingst du doch, du deitsche Mottersproch! O Arzgebirg, wie bist du schie! In Herbist is su still on leer, is Hei on Haazing rei, rut glüht de Vugelbeer, nort ka mer wieder hutzen gieh. O Arzgebirg, wie bist du schie! Be Regn on Sonnenschei, öb's stöbert, störmt on schneit. be Tog on Nacht, obnd oder früh, wie haamlich klingst du doch, du deitsche Mottersproch! O Arzgebirg, wie bist du schie! On kömmt de liebe Winterschzeit, nort liegt in Frieden de Haamit tief verschneit, mir fahrn mit Schneeschuh drüber hie. O Arzgebirg, wie bist du schie! Be Regn on Sonnenschei, öb's stöbert, störmt on schneit. be Tog on Nacht, obnd oder früh, wie haamlich klingst du doch, du deitsche Mottersproch! O Arzgebirg, wie bist du schie! On wenn ich ve dir scheiden muß, gilt dir ven Harzen der letzte Abschiedsgruß, ze dir do zieht mich's immer hi. O Arzgebirg, wie bist du schie! Be Regn on Sonnenschei, öb's stöbert, störmt on schneit. be Tog on Nacht, obnd oder früh, wie haamlich klingst du doch, du deitsche Mottersproch! O Arzgebirg, wie bist du schie!",,https://www.sachsen-lese.de/streifzuege/lieder/lieder-von-anton-guenther/o-arzgebirg-wie-bist-du-schie/,2026-07-20,Anton Günther,Erzgebirge,,poetry,1944
188,"1. Ehr Leitla freit eich alla, guckt naus, wie's draußn Graibela schneit! Da Weihnachtszeit is komma, vergaßt alln Zank on Streit. O selicha Zeit, o Weihnachtszeit, du brängst ons wieder Friedn, machst onner Harz vull Lust on Freid, o seelicha Weihnachtszeit. 2. Wie glänzn hall da Lichtla Berschtuhlnst aus jedn Fansterla raus; Denn 's zieht dorch jedn Stüwl 's Bornkennl* ei on aus. Refr.: O seelicha Zeit u. s. w. 3. Horch, wie da Glockn klenga Ons zu en stiller, heilicher Nacht, On fromma Kenner senga: Eich is heit Friedn gebracht. Refr.: O seelicha Zeit u. s. w. 4. O komm doch heilicher Friedn On klopp an jedn Fansterla ah, Zieh ei en alla Harzn, Deß jeder senga kah: Refr.: O selicha Zeit u. s. w.",,https://www.sachsen-lese.de/streifzuege/lieder/lieder-von-anton-guenther/o-selicha-weihnachtszeit/,2026-07-20,Anton Günther,Erzgebirge,,poetry,707
189,"Off de Barg, da is halt lustig. Off de Barg, da is halt schie. Do scheint de Sonn an allererschten, Scheint se a an längsten hie. Refrain: Wu de Wälder haamlich rauschen, Wu de Haad so rötlich blieht: Mit kan Keenig möcht ich tauschen, Weil da drubn mei Heisl stieht. 2. 's Wasser is su klar un kiesig, Und de Luft weht frisch und raa. Drum sei mir a so schie gewachsen, Net ze gruß un net ze klaa. Refrain: 3. Tief in Wald, do wachsen Schwamme, Schreit dr Kuckuck, springt dos Reh. Lewer tausend Beer un Bliemle Streicht der Wind drubn off dr Höh. Refrain: 4. Zesig, Hampflig, Grienertz, Stieglitz Allerhand Vögele wunnerschie, Die singe tausend schiene Liedle, Baue dort drubn ihr Nastl hie. Refrain: 5. 's is so haamlich, still un friedlich, Als wär mr bald an Himml dra, Denn dr Mond mit seine Sterla, Der scheint net weit von uns drva. Refrain: 6. ' bi gar weit in Land nei gange, Wu de Menschen anders sei. Doch ich bi bald wieder komme, Denn hier do drubn, do is mr fei. Refrain:",,https://www.sachsen-lese.de/streifzuege/lieder/lieder-von-anton-guenther/of-de-barg-do-is-halt-lustig/,2026-07-20,Anton Günther,Erzgebirge,,poetry,986
190,"Wenn's draußen wieder schneit, Da hammr unnre Freid. Fängt's iewerall zu wabeln a Is draußen gute Schneeschubah. Un liegt off unrer Höh 's erschte Finkele Schnee, Do schnall mr unre Schneeschuh na Un fahrn drfa. Ja so frisch un frei Wie mr Arzgebirger sei. Mr halten aus in Sturmgebraus Ob's wattert stürmt und schneit. Off unrer Höh, Do liegt dr erschte Schnee, Do liegt dr a an längsten dort, Drim gieh mer a net fort. Refrain: Frisch auf, alle Zeit! Mir halten trei zu unrer Haamit. Singe lustig unner Lied. Un müß mr fort, so kehr mr wieder, So wie dr Vugel hamwärts zieht! Ach, is das ene Lust, Wie hebt sich doch de Brust! Von Berg zu Tol durch Wald un Grind Zu sausen iebern Schnee geschwind. Un is ka Stabben Bah, Do liegt uns gar nüschd dra. Mr fahrn doch ner dr Nos enoch, Da gibbd's ka Frog. Wie krabbelt's Blut, Wie war'n de Backen rut, Wie glänzt es aa off freier Höh Liegt all's in tiefen Schnee. Un durchs Gemüt Haamitsinge zieht. E Haamitlied von deitscher Trei: Wie schlägt es Herz su frei! Refrain: Wie schmeckt e Wacken Brot, Mr kriegt ja gar net sott. Geht's ham von langer Schneeschuhfahrt, Hängt voller Eis und Schnee dr Bart. Dr Kneedeldopp in dr Räähr, Der is so farchtbar leer. Un wos rimsteht an Asserei, Dos muß abn nei. Wer'sch noch net kaa: Fang Schneeschuhlaafen aa! Dos hält gesund 'zamm Leib un Seel', Mr kimmt gut von dr Stell. Un haat's ann hie, Is a emol ganz schie. Mr fällt ja waach, stieht auf geschwind, Un fort gieht's wie dr Wind. Refrain: Drum raus un ageschnallt! Ner net lang rimgedallt. Dr Winter is e alter Ma, Den muß mr ehrn, so lang mr kaa. Der maant's uns immer gut, Drum raus mit frischen Mut. Wer will sei Haamit racht verstieh, Der muß naus gieh. Off freier Höh So übern tiefen Schnee Zu sausen ohne Sorg un Müh, Ach Kinder, is das schie! Un is vorbei De Schneeschuhfahrerei, Is stark 's Herz un frei 's Gemüt, Drum sing' mr unner Lied: Refrain: Frisch auf, alle Zeit! Mir halten trei zu unrer Haamit. Singe lustig unner Lied. Un müß mr fort, so kehr mr wieder, So wie dr Vugel hamwärts zieht!",,https://www.sachsen-lese.de/streifzuege/lieder/lieder-von-anton-guenther/schneeschuhfahrermarsch/,2026-07-20,Anton Günther,Erzgebirge,1912,poetry,2046
191,"Vergaß dei Haamit net! Su singt jeds Vögele. Vergaß dei Haamit net! Su rauscht der Wald. Es heilt der Storm ons zu in kalter Winterschzeit: Vergaß dei Haamit net, dort is dei Halt! Fest stieh zen Volk, der Haamit trei, su wolln mir Arzgebirger sei! Jeds Blümel wos do blüht, der Wind daar drüberzieht, on's Bachel rauscht ons immer haamlich zu: Vergaß dei Haamit net! Denk a de Gongezeit, wie du derham glücklich warscht on fruh! Fest stieh zen Volk, der Haamit trei, su wolln mir Arzgebirger sei! Als letzten Abschiedsgruß ruft noch der Vater nooch, wenn's Kind verloßen muß es Elternhaus: Vergaß dei Haamit net, on ehr dei Mottersproch! Mog's komme wie's när will, horch, halt fei aus! Fest stieh zen Volk, der Haamit trei, su wolln mir Arzgebirger sei! Wächst aah när Gros dort drubn, is aah der Winter lang, sei doch de Barg vull Wälder frisch on grü. Vergaß dei Haamit net, wenn's noch su aafach is, denn in der Haamit is doch immer schie! Fest stieh zen Volk, der Haamit trei, su wolln mir Arzgebirger sei! Drüm Leit ven Arzgebirg, blebbt aafach, racht on fest, wie onnre Wälder drubn of grüner Flur. On loßt ons alle Zeit echt deitsche Brüder sei on gabt en Handschlog drauf zen alten Schwur: Fest stieh zen Volk, der Haamit trei, su wolln mir Arzgebirger sei!",,https://www.sachsen-lese.de/streifzuege/lieder/lieder-von-anton-guenther/vergass-dei-haamit-net/,2026-07-20,Anton Günther,Erzgebirge,,poetry,1267
192,"Wenn de Vugelbeer blüht, o wie schie deß dos sieht, 's is als wenn lauter Schneeballn ven Himmel rei in Laab falln. Wenn de Vugelbeer blüht! Wenn de Vugelbeer blüht, freit sich Herz on Gemüt, 's is e Somme on Klinge, loßt ons wannern on singe, Wenn de Vugelbeer blüht! Wenn de Vugelbeer blüht, wu der Waag hamwärts gieht, alle Blümle of de wiesen tunne duftig ons grüßen, Wenn de Vugelbeer blüht! Wenn de Vugelbeer blüht, Walt, nort Gott dich behüt! Ich steig in Gebirg nauf, dorten gieht ann es Herz auf. Wenn de Vugelbeer blüht! Wenn de Vugelbeer blüht, sing ich dankbar e Lied: Herrgott dir dank ich 's racht schie, weil ich dorten drubn derham bi. Wu de Vugelbeer blüht!",,https://www.sachsen-lese.de/streifzuege/lieder/lieder-von-anton-guenther/wenn-de-vugelbeer-blueht/,2026-07-20,Anton Günther,Erzgebirge,,poetry,674
193,"2. Wenn de Lerich früh steigt aus‘n Morngtaa rauf un in Wald dernaabn springt es Rehla auf, wenn der Birkhah balzt frühzeitig in der Haad, un der Färschter schleicht durchn Wald ganz staad: O, wie is nort wieder of de Barg schie, we‘mer zeitig früh sieht de Sonn aufgieh, wenn‘s su lustig schallt drubn in Wald un Fald,- grüß dich Gott, du weita, grüna Wald! 3. Singt jeds Vögel a voll Lieb sei Weibel a, unnern Hühnervolk dreht sich stolz der Hah, paart sich gruß un klaa, do is de rachta Zeit, do gieht der Boß zen Maadel of de Freit. O, wie is nort wieder of de Barg schie, we‘mer zeitig früh sieht de Sonn aufgieh, wenn‘s su lustig schallt drubn in Wald un Fald,- grüß dich Gott, du weita, grüna Wald!",,https://www.sachsen-lese.de/streifzuege/lieder/lieder-von-anton-guenther/wenn-der-schnee-waggieht/,2026-07-20,Anton Günther,Erzgebirge,1905,poetry,705
194,"Of de Barg, do is halt lustig, of de Barg, do is halt schie Do scheint de Sonn an allererschten, scheint se aah an längsten hie. Wu de Wälder haamlich rauschen, wu de Haad su rötlich blüht, mit kann König mächt ich tauschen, weil do drum mei Haisel stieht! 's Wasser is su klar on kiesig, on de Luft weht frisch on raa; drüm sei mer aah su schie gewachsen, net ze gruß on net ze klaa. Wu de Wälder haamlich rauschen, wu de Haad su rötlich blüht, mit kann König mächt ich tauschen, weil do drum mei Haisel stieht! Tief in Wald do wachsen Schwamme, schreit der Kuckuck, springt es Reh. Über tausend Beer on Blümle streicht der Wind drubn of der Höh. Wu de Wälder haamlich rauschen, wu de Haad su rötlich blüht, mit kann König mächt ich tauschen, weil do drum mei Haisel stieht! Zessig, Hanftlich, Grünerts, Stielitz, allerhand Vögele wonnerschie, singe tausend schiene Liedle, baue dort drubn ihr Nastel hi. Wu de Wälder haamlich rauschen, wu de Haad su rötlich blüht, mit kann König mächt ich tauschen, weil do drum mei Haisel stieht! 's is su haamlich, still on friedlich, als wär mer ball an Himmel dra, denn der Mond mit seine Sterle, daar scheint net weit ve ons derva. Wu de Wälder haamlich rauschen, wu de Haad su rötlich blüht, mit kann König mächt ich tauschen, weil do drum mei Haisel stieht! Bi gar weit in Land neigange, wu de Menschen andersch sei, doch ich bi ball wiederkomme, när do drubn, do is mer fei. Wu de Wälder haamlich rauschen, wu de Haad su rötlich blüht, mit kann König mächt ich tauschen, weil do drum mei Haisel stieht!",,https://www.sachsen-lese.de/streifzuege/lieder/lieder-von-anton-guenther/wu-de-waelder-haamlich-rauschen/,2026-07-20,Anton Günther,Erzgebirge,,poetry,1546
195,"An Summer, wenn dr Kuckuck - sanselde, wanselde, wazelde, wuzelde, ratati, an Summer, wenn dr Kuckuck schreit. Do haoamer anne schiene - sanselde, wanselde, wazelde, wuzelde, ratati, do hoamer anne schiene Zeit. Do foahr mer ieber Guldschmieds - sanselde, wanselde, wazelde, wuzelde, ratati, do foahr mer ieber Guldschmieds Haus. Do guckt dr ale Guldschmied - sanselde, wanselde, wazelde, wuzelde, ratati, do guckt dr ale Guldschmied raus.",,https://www.sachsen-lese.de/streifzuege/lieder/lieder-in-dr-mundoart-dar-aeberlausitz/an-summer/,2026-07-27,,Oberlausitz,1937,poetry,439
196,"Die sächsche Sprache ist sehr weich, sie ist so melodienreich, sie klingt wie ein Gedicht, das wees dor Pfeenze nich"". ""Hern Se, über unsre sächsche Sprache, da geht doch werglisch nischt. Sowas von Klangfülle kann keene Sprache dor Erde uffweisen."" Eben. Und desweechen fahren mor eenfach ma zu diesem herrlischen Fleggschen Erde. ""Meine Damen und Herren, in Kürze erreichen wir Dresden Hauptbahnhof, dieser Zug endet dort."" Na los, Kommen Se! Off nach Sachsen. Bitte alle aussteigen. Im Namen des Zugpersonals verabschiede ich mich von Ihnen, wünsche allen Reisenden n angenehmen Tag sowie ne gute Weiterfahrt. Hach, das klingt direkt ä bissel wie zu Heeme. Auf Wiederseh'n. Is' doch schön, der sächs'sche Dialekt, nor? Nee! Das kann ich gar nicht finden. Aber sie sind leider nicht die einzigen, die das denken. Egal wer und wann untersucht hat, welsche Dialekte beliebt sind und welsche nicht – immer, immer steht Sächs'sch am Schluss der Beliebtheitsskala. Ganz schön bitter. Peter Porsch hat es da besser. Er ist nämlich Dialektforscher an der Universität Leipzig, aber kommt aus Wien. Und Wienerisch ist einer von den allerbeliebtesten Dialekten. Aber, Herr Porsch. Sächsisch klingt doch jetzt nicht objektiv hässlicher, oder? Den auch Preußen übernahm. Nur sprachen die unsre sächs'schen Wörder ganz anders aus. Naja, und der Rest ist Geschichte. Preußen besiechte 1763 die Sachsen im siebenjährigen Krieg und flupp: Sachsens kulturelle Vorbildlichkeit war dahin. Ab jetzt war Hochdeutsch angesagt in Deutschland. Und seitdem werden wir Sachsen verspottet. Hm, und die 40 Jahre DDR hamms och ni besser gemacht. Nä, Herr Urban, sie waren doch damals schon Schauspieler. ""In Verruf gebracht haben's die Kommunisten, also unter Walter Ulbricht beispielsweise, der dann irgendwann mal diesen herrlichen Satz geprägt hat..."" ""Und was is' gekomm'? Die Mauer."" Naja, und auf beid'n Seit'n konnte man dem Sächsisch'n ne besonders viel abgewinn'. In diesen DDR-Fernsehschwänk'n war der Sachse schon damals immer der Depp. Und vor allem den Berlinern war das Sächs'sche hochsuspekt. Weil Sachs'n das bevölkerungsreischste Gebied der DDR war, kam'n de meist'n Polizist'n und Grenzsoldat'n von da. Doch gommt dor Sachse nach Berlin, da gönn' se ihn nich leidn, da wollns ihm eene driberziehn, da wollse mid ihm streidn. Und dud ma'n ooch verscheißern, sein Liedschen singtor eisern. Nor wahr, Sing, mei Sachse sing, es is ä eichen Ding. ""Sing mei Sachse sing"" von Jürgen Hart – das Lied hat das sächs'sche Selbstbewusstsein zu DDR-Zeit'n wieder so ä biss'l angeschubst. Naja, wenn ooch nicht besonders nachhaltig. Viele Sachsen schämen sich für ihre Sprache. ""Also wenn man das selber hört - klingt das nicht besonders. Ich wohn eigentlich in Bayern und da versuch ich mich den Leud'n da anzubass'n mit dem Dialekt. Aber die hör'n es och widder raus."" (lacht) Was natürlich genau die falsche Strategie ist, um unser'm Dialekt ein mehr Geltung zu verschaffen. An dem alten Ehepaar, da off der Bank in der Sonne, da könnten sich viele Sachsen ma 'ne Scheibe abschneid'n. ""Mir redn wie dor Schnabl gewachsen is - Mir machn uns da ieberhaupt keen Kopp - Nee, mir red'n ehm wies kommt nor, so redn mir? - Und wennmor ma woannersch hinkomm, un wir wärn ne verstandn - da red mer noch een biss'l langsamer. – Red'n mer ehm ä bissl langsamer."" Ja, wenn mir Sachs'n versuch'n hochdeutsch zu red'n, kommt meist'ns eh nur so'n ""Gewandhaus""-Sächsisch raus. Klingt total gestelzt, und trotzdem hört jeder wo du herkommst. Und Eigendlich geht's ja sowieso nur ums verstanden werd'n. Das setzt nadürlisch off beed'n Seidn ä biss'l Anstrengung voraus. Ooch beim Hochdeutschen. Ihm gehört mal'n bissl Sächs'sch beigebracht. Steffen Urban, der is' Sächsischlehrer und fängt direkt vorm altehrwürdigen Zwinger in Dresd'n die Touristen ab. Guckema da! Zwee Frauen aus Nordrhein-Westfalen, auf Stippvisite in Dresden: ""Das schönste was man aus 'ner Stadt mitnehm' kann, is' doch die Muttersprache, die Sprache, die man von dort mitbring' kann. Sagen Se einfach mal scheen: Elbegarpfen."" ""Nisch so anstrengen!"" ""Elbegarpfen."" ""Eenfach nur rausbläddschern lassen."" ""Elbegarpfen."" ""Das weiß i auch nicht. Elbegarpfen. Nicht richtig, nich?"" ""Naja, da müssdor nochma wiederkomm', das müss mir noch e biss'l üb'm."" Na und Sie, Sie da drüben! Sie müssen ooch! Kommse, los, keene Scheu! ""Hejs und sieße muss dor Gaffee sein."" ""So, und dazu missen Se nur den Underkiefer nur aushäng unden, biss'l runder, scheen häng lassen und dann den Gaumen ma hinter machen und sagen: Mir drink'n unsern Gaffee hejs und sieße."" Ladein un grieschisch gansde lern un wär de Geschend noch so fern un wär es gar im Land der Wildn Da gannsde dir deine Sprache bildn Mit Pillman, Ploetz und Langenscheidt Und haste nisch genieschend Zeit Dann rat isch dir in aller Güte Nimm Ullsteins Worte in der Tüte Doch keiner, mag er noch so ring' wird dausend Worde sächsisch bring. Ja mir hab'm schon manchen so erschreckt Dasser wie tod zusammenbrach Denn unsern sächs'schen Dialekt, Den macht uns keiner nach. ""Ja also, die wichtigste Ausspracheregel ist also quasi auf die Konsonanten bezog'n: Die Weechen besiechen de Hard'n. Das heißt also die weichen Konsonanten, besiegen die harten Konsonanten, es gibt keine harten Konsonanten."" Das ist Bernd Lutz Lange. Der gemeine Hochdeutsche würde sag'n: Kabarettist und ein prima Typ. Bei uns heest das aber: Gabarettist un ä brima Dyb: k wird zu g, p wird zu b und t wird zu d und: alles eene Soße. Manche bezeichnen Sächs'sch sogar als Maulfaulheit. ""Die Vokale verschwind'n die wird'n eliminierd, die wird'n weggesproch'n. Also nich ""Künstler"" sondern ""Ginstl'r"". Das heißt, das ""r"" kommt gleich an das ""l"" ran, ohne ""e"". Und dann gibts natürlich viele Gegenden in Sachsen, wo dann auch das ""a"" ä biss'l zum ""o"" wird. Das ist dann so der Raum um meine Heimatstadt Zwickau, Chemnitz – früher Karl-Marx-Stadt – man sagte immer: ""Stadt mit drei ""o"": Korl-Morx-Stodt."" Das ist nämlich einfacher, dann muss man nämlich den Mund nicht so weit aufmachen. Überhaupt nuscheln wir Sachsen gern so ein bisschen vor uns hin. ""Sprich ordentlich"" mussde man sisch als Kind dann immer anhör'n – oder vielmehr: sbrisch ordntlisch. Gunther Bergmann is' Germanist und kann als gebürticher Sachse och ä Liedsch'n davon sing'n. ""Die Sprecher können den ""ch""-Laut vom ""sch""-Laut ganz schlecht untorscheidn. Brauche Ihnen nisch zu sagen was dann dabei rauskommt, wenn die Leute das Wort ""Architekt"" aussprechen müssen. Und das ging mir als Kind ganz genauso. Und mein Vater hat misch vehement mit allen erzieherischen Mitteln versucht davon zu überzeug'n, dass es also ganz wichtisch wäre, wenn ich also das Wort ""Ge-schi-chte"" richtich aussprech'n lernen würde. Ich konnte es nämlich nicht. Und das habe ich dann beherzigt und hab mir gedacht, ja, das muss dann einfach sein. Weil man ja sonst auch ganz unsicher in der Orthografie wird. Viele Kinder schreib'n eben den ""Tisch"" hint'n mit ""c-h"", und dafür ""Geschichte"" zum Beispiel vorne mit ""c-h"" und hint'n mit ""s-c-h"", weil sie völlig verunsichert sind."" Ge-schisch-te: ""c-h"" wird zu ""s-c-h"" und die weischen Konsonanten und so... Das sind so die einfachsten Regeln. Wenn Sie jetzt aber glauben, Sächsisch nachmachen zu müssen, muss ich Sie warnen. ""...dann komm mir die Krampfadern aus dem Hals aber sehr weit rausgeschossen."" ""...das is ooch immr übertrieb'n, ja also wir sin ja nun in Sachsn geborn, aber da wird'n ooch oft Sachen gesacht, die hab'n wir zum Beispiel noch nie gehert, da sag'n wir immer, wo hab'nm Se das jetzt ausgegrab'n, ne. Und wird dann natürlich auch falsch rübergebracht, da wird einer aus Leipzig nachgemacht, und der spricht dann das absolut Dresdnersächsisch und das is' nadürlisch für unsre Fachohren ganz was anderes."" Naja, und dann ist es ja mit der richt'chen Aussprache nicht getan. Man muss ooch ä biss'l Vokabeln pauken. Zum Beispiel: ""ditsch'n"". Ja genau: ditsch'n. Wissen Sie was das bedeutet? Nee, nee, nee, das is' so eintunken, also wenn Sie... Genau, einstippen. Und der Herr da drüben – wissen Sie was ""Hiddsche"" sein könnte? Ne Hiddsche is' eine Fußbank. Na gut, mach'n wir noch'n letzten Versuch. Die Dame dort drüben – was is' ""fischeland""? Nee. Sie liegen total falsch. Fischeland is'... na ja, erst mal schwierig zu erklär'n...Och, Herr Bergmann als Germanist...sie hab'm doch fünfzig Jahre am Wörterbuch der Obersächsischen Mundarten geschrieb'm. Zwölftausend Vokabeln – da wird doch ""fischeland"" drinsteh'n...? ""Jetzt guckens wir einfach mal nach - und ich les vor was da steht. ""Vigilant"", französisch eigentlich angesetzt, vigilant. Und jetzt die Interpretation: geistig und körperlich beweglich – ja das stimmt – das körperliche bewegliche – gehört auch dazu. pfiffig, aufgeweckt, gewitzt, klug, schlau und geschickt, wendig. Ja, und jetzt geht das weiter: sich in allen Lebenslagen zu helfen zu wissen und sich nicht betrügen zu lassen gilt als ein Wesensmerkmal der sonst so gemiedlichen Sachsen, sie sind fischelante Gerlchen, die in die Welt passen und sich nichts vormachen lassen."" Ja, ja, fischelandsche Kerlchen. Nur leider kommt das bei den andern nisch immer so an... ""Das Ding is einfach, dass glaub ich Leude, die sächseln die komm immern bisschen blöd rüber. Also wenn ich was wissenschaftlich erklär'n würde und isch würd es auf Hochdeutsch mach'n würd es taus'ndmal schlauer kling'n als auf Sächsisch und wenn wir jetz mal ins Fernsehn guckt dann sind immer die Volltrott'l vom Dienst die Sachs'n. Und das is' natürlich so ein Image."" Und ein ganz großer Irrtum. Mir Sachs'n, mir sind neugierig und offgeschloss'n. Und wenn mir ooch die Leude vollquadsch'n – mit unser weich'n Aussprache sind mir eb'm nicht besonders gefährlich. Un in unsrer Gemüdlichkeit sind mir ooch noch kreativ. Mir Sachs'n, mir sind Tüftler. Durchstöbern Sie doch mal de Patentämter, was in Sachsen alles erfunden wurde: Melitta-Kaffee-Filtertüten, der BH – also, der Büstenhalter –, die Inline-Skates, das europäische Porzellan und die Plauener Spitze. Das ist doch spitze! Trotzdem sind wir – mir sin ja so doll – viel zu bescheidn – uh was sin mir doll – viel zu bescheidn – trotzdem kann uns immer noch nich jeder leidn – wir sin ja so doll – wir sin – wir sin ja so doll – viel zu bescheiden – godd was sin mir doll – dass wir irgendwann die Sieger sind, lässt sich nicht vermeidn. Ha-ha-hallo! Hallo! Hörn Sie mich? Hallo! Ja, Sie, komm' Sie mal näher! Was für'n Lärm! Noch wird an allen Ecken un End'n gebaut. Aber das geht vorbei. Und jedes Mal, wenn man nach Sachsen zurückkommt, sieht es ä biss'l schöner aus. Aber – so schöns ooch bei uns is', uns zieht es doch immer wieder in die große weite Welt raus. Das Reisen ist heutzutag sehr modern, und die Sachsen, die reisen besonders gern. Wie weit sich auch unsere Reise erstreckt, stets hört man den sächsischen Dialekt. Ob In- oder Ausland, wo immer es sei – ä Sachse is immer dabei. ""Ich bin in Los Angeles in Universal Studios gewesen – mit meiner bucklischen Verwandtschaft - und ich sage: Vater, gugge ma dord drüb'm, das müss'n Ossis sein! Und mein Vater sagt: Nee, Kleener, das gloobsch ni, dass das Ossis sin. ""N Sachse is' immer dabei."" ""Das schöne daran war, wir sind hingegang'n, ich sach: los mir latschn einfach an den jetzt vorbei - wir laufen an denen vorbei - und hör'n mal, wie die sprech:n. Die Dame sagte: ""Da tönt es schon:"" ""Gurt nee, mir missn dord drieb'm, drieb'm fährd der Bus ab."" ""Is das nisch Boesie, is das nisch scheen? Man muss den Sachs'n nur rischtisch versteh'n.""",,https://www.dw.com/downloads/25835496/alltagsdeutsch-s,2026-07-27,Deutsche Welle,,,,11521
197,"Gombjudor-Einschald-Zedd’l für Auswerddsche bei dor Eidiiih Bungd Eens – Schdroom druff: An dor Gisde undorm Guggfensdor uff denn reschdn Gnubb driggn bisser hängnbleibd. Bissl uffbassn: s’ huubd. Huubds ni: Gibds ni, nor nie bassierd (Gnubb muss !!! drinne hängnbleibm). De kleene Funzel – die lings nehm dem Gnubb wo mer druffdriggn muss leuchdn duud – iss de Funzel die leuchdn muss, damid mer weees, ob Schdroom druff iss (Wenn de Funzel ni leuchdn duud, iss oooch kee Schdroom druff). Dornaach: Ni bleede rumquadschn, erschd ma guggn, ob dor Schdrigg, där hindn aus dor Gisde rausguggd, wo mer denn Gnubb neindriggn muss, ooch in dor Dohse drinneschdeggd, die mid’n Schdroomvordeelerhäusl zamm’hengd. Iss dor Schdrigg drinne, da muss’de een anruffn, der de Funzel zum leuchdn bringd. Bungd Zwee’e – Umschald-Gnubb driggn: Dor Gnubb – der uff dehm andern Ding, wo de gansen andern Gnebbe ooch druff sinn – und der zwee Feile ob’n druff had und wo de griene Funzel undndrunder iss, runderdriggen (Noch eemah!). Leuchded de griene Funzel, isses gudd! Leuchded se ni, ooch. Bungd Drei’e – Anmeldn: Nuu nehm mer de Gnebbe die uff dem Ding druff sin, wo de Feile druff sin und de griene Funzel leuchded und driggn die Gnebbe die mer driggn muss, wenn mer’sch anmeldn will. Das heesd: Mer muss de Gnebbe driggn, wie mer heesd. Driggd mer de vergehrdn Gnebbe, heesd mer ni so. Das heesd: Mer muss uff alle Fälle die rischdschn Gnebbe driggn. Bungd Vier’e – Angemelded: Wemmer drinne sinn, E BISSL RUMMEEHRN!!! Bungd Fümf’e – Ausschaldn: Uff’s Guggfensdor guggn, aber gonsegwend und wardn bis so e kleenes Loogoo hinundherhubbn duud. Und nuu: Zambaggn und nischd wie heem! Achdung! Bei hochgeglaschdem Haubdschaldor is Briehe of dor Schnure. Ni neihdadschen mid de Griffeln, is gefährlisch wi de Sau. Machd klen un runzlisch. Achdung! Dieser Raum is voll bis unner de Deggn mit de dollsde un vollelekdronische Anlaache. Staune un gugge derf jedder, abor rummworschdln un Gnöbsche drügge uff de Gombjuder dörfe nur mir!! Die Äggsbärddn Gibbe raus! Keene Feddbemmen fressn! Glozzn off! ORBEIDN! Sächsisches Grundgesetz §1 - Immor midd dorr Ruhe §2 - Ersdma nän Gaffee §3 - Gemiedlich machn §4 - Nich ärgorrn, nur wundorrn §5 - Geene hegdigg §6 - Niggorchn machn §7 - Noch nän Gaffee §8 - Loggor bleim §9 - Irschndwie durschwurschdln",,https://sgladschdglei.net/lustiges/#Text,2026-07-27,,,,,2326
198,"Nu guddn Doch un herzlisch Willgomm off Sgladschdglei.net Dis is de Indornedseide für de Saggsn übber Saggsn. Mir sin dodal in Rasche! Unsor säggsschor Üborsetzor is nämlisch erstmah im Urloob. So e Griebel! Obwohl mir demm gesaacht ham, dass der sisch ausmären soll. Deshalb wollmor Se bidden, uns für de säggssche Wersion noch ä bissl Zeit zu gähm. Dofüar wirdse dann umso schenor. Bis bald, machenses hibsch! Hier droff drüggn oder droff dadschn",,https://sgladschdglei.net/,2026-07-27,,,,,448
199,"Mir Sachsen mir sinn helle, mir drinkn aus dor Quelle, die andern die sinn dumm, die lodschn drinne rum. Mir sinn gluuch, dischdsch, lusdsch, schibbsch, gudmiedsch, ooch manschema e weng einfelldsch, nur ens simmor ni: DEHMLISCH! Mir Sachsen, mir sinn helle, des weeß mor gans genau! Un simmor ma ni helle, dann simmor eefach schlau! Mir Sachsen, mir sinn helle, des weeß de ganse Weld! Un simmor ma ni helle, dann ham mir uns vorstelld!",,https://sgladschdglei.net/sprueche/,2026-07-27,,,2019,,437
